price,bedrooms,bathrooms,sqft_living,floors,view,condition,sqft_above,sqft_basement,age_house,building_renewal,location
490000.0,2.0,1.0,880.0,1.0,0.0,3.0,880.0,0.0,76,20,NE
640000.0,4.0,2.0,1520.0,1.5,0.0,3.0,1520.0,0.0,69,4,NE
1400000.0,4.0,2.5,2920.0,1.5,0.0,5.0,1910.0,1010.0,105,26,NE
365000.0,3.0,1.0,1090.0,1.0,0.0,4.0,1090.0,0.0,59,5,SW
1200000.0,5.0,2.75,2910.0,1.5,0.0,3.0,2910.0,0.0,75,45,NE
750000.0,3.0,1.75,2240.0,2.0,0.0,5.0,1550.0,690.0,91,91,NE
626000.0,3.0,2.25,1750.0,2.5,0.0,3.0,1470.0,280.0,9,9,E
495000.0,4.0,1.75,1600.0,1.0,0.0,3.0,1130.0,470.0,55,25,NE
615000.0,3.0,1.75,2360.0,1.0,0.0,4.0,1360.0,1000.0,66,66,SW
790000.0,3.0,2.5,2600.0,1.0,0.0,4.0,1700.0,900.0,63,15,NW
650000.0,4.0,2.0,1820.0,1.5,1.0,3.0,1640.0,180.0,69,4,NE
440000.0,2.0,1.0,800.0,1.0,0.0,4.0,800.0,0.0,70,70,NW
750000.0,3.0,2.5,2390.0,1.0,2.0,4.0,1440.0,950.0,59,5,SW
439950.0,3.0,2.5,1770.0,2.0,0.0,3.0,1770.0,0.0,24,5,SW
235000.0,2.0,1.0,1210.0,1.0,0.0,2.0,1210.0,0.0,65,65,SW
445700.0,3.0,2.5,1270.0,3.0,0.0,3.0,1270.0,0.0,13,13,NW
805000.0,3.0,2.0,2710.0,1.5,0.0,4.0,1880.0,830.0,85,85,NE
385000.0,3.0,3.25,1320.0,2.0,0.0,3.0,1040.0,280.0,6,6,W
295000.0,2.0,2.5,1630.0,2.0,0.0,3.0,1280.0,350.0,5,5,SW
553000.0,2.0,1.0,900.0,1.0,0.0,3.0,900.0,0.0,70,70,NW
531000.0,2.0,3.0,1270.0,2.0,0.0,3.0,1110.0,160.0,14,14,N
831000.0,4.0,3.0,2170.0,2.0,0.0,4.0,1610.0,560.0,32,3,E
580000.0,2.0,1.0,2540.0,1.0,0.0,5.0,1320.0,1220.0,72,72,S
549000.0,2.0,1.0,1140.0,1.0,0.0,5.0,1140.0,0.0,106,106,E
405000.0,2.0,3.0,1410.0,2.0,0.0,3.0,1140.0,270.0,8,8,SW
650000.0,3.0,1.5,2160.0,1.0,2.0,4.0,1400.0,760.0,65,29,NW
770000.0,3.0,2.0,2350.0,1.5,0.0,4.0,1810.0,540.0,75,25,E
524000.0,3.0,1.75,1560.0,1.0,0.0,4.0,780.0,780.0,70,70,W
670000.0,3.0,2.5,1680.0,3.0,0.0,3.0,1680.0,0.0,105,16,NE
406100.0,3.0,2.25,1410.0,3.0,0.0,3.0,1410.0,0.0,9,9,N
1395000.0,5.0,3.5,4010.0,2.0,1.0,5.0,2850.0,1160.0,43,43,NE
435000.0,5.0,2.0,1840.0,1.0,0.0,4.0,1540.0,300.0,72,56,N
400000.0,2.0,1.0,840.0,1.0,0.0,3.0,840.0,0.0,59,9,SW
657100.0,4.0,1.0,1390.0,1.0,0.0,3.0,1050.0,340.0,90,3,N
740000.0,4.0,1.75,2010.0,1.5,0.0,3.0,2010.0,0.0,112,112,W
398750.0,3.0,2.5,2230.0,2.0,0.0,3.0,2230.0,0.0,60,9,S
287000.0,3.0,1.0,1450.0,1.0,0.0,4.0,1450.0,0.0,61,31,S
600000.0,3.0,1.75,1880.0,1.0,0.0,4.0,1040.0,840.0,69,69,NE
418000.0,3.0,2.0,1410.0,1.5,0.0,4.0,1410.0,0.0,84,84,N
449250.0,4.0,2.0,1480.0,1.5,0.0,5.0,1480.0,0.0,86,44,N
329950.0,2.0,1.0,1140.0,1.5,0.0,4.0,1140.0,0.0,65,29,N
1425000.0,2.0,2.5,2220.0,2.0,0.0,3.0,2220.0,0.0,14,14,E
585000.0,2.0,1.0,1770.0,1.5,0.0,3.0,1520.0,250.0,65,16,NW
618500.0,3.0,2.0,1800.0,1.0,0.0,4.0,1080.0,720.0,72,32,NE
631625.0,4.0,2.5,2440.0,2.0,0.0,3.0,2440.0,0.0,0,0,NW
340000.0,2.0,1.5,1160.0,2.0,0.0,3.0,1160.0,0.0,13,13,S
366750.0,3.0,3.0,1571.0,3.0,0.0,3.0,1571.0,0.0,6,6,NE
416286.0,3.0,2.5,1408.0,3.0,0.0,3.0,1408.0,0.0,9,9,NE
450000.0,2.0,2.0,1100.0,1.5,0.0,3.0,1100.0,0.0,102,9,NW
353000.0,3.0,1.0,1350.0,1.0,0.0,4.0,860.0,490.0,67,26,NE
561000.0,3.0,2.0,2000.0,2.0,0.0,3.0,2000.0,0.0,98,28,SW
469000.0,2.0,1.0,1030.0,1.0,0.0,3.0,1030.0,0.0,90,3,NW
329350.0,2.0,1.0,720.0,1.0,0.0,3.0,720.0,0.0,72,15,NW
488000.0,5.0,2.0,2020.0,1.5,0.0,4.0,2020.0,0.0,76,76,NW
312000.0,4.0,2.0,1300.0,1.0,0.0,3.0,1300.0,0.0,64,1,SW
650000.0,3.0,1.5,1630.0,1.0,1.0,3.0,1160.0,470.0,74,18,NE
325000.0,4.0,2.5,1890.0,1.0,0.0,3.0,980.0,910.0,34,34,SW
219000.0,2.0,1.0,900.0,1.0,0.0,3.0,900.0,0.0,62,6,SW
460000.0,2.0,2.25,1230.0,2.0,0.0,3.0,1020.0,210.0,10,11,E
612500.0,4.0,2.0,2060.0,1.0,0.0,3.0,1030.0,1030.0,65,1,NW
313950.0,3.0,1.0,1510.0,1.0,0.0,4.0,860.0,650.0,74,13,NE
575000.0,3.0,1.75,2130.0,1.0,2.0,3.0,1170.0,960.0,60,9,W
1225000.0,4.0,2.25,3490.0,2.0,0.0,4.0,2280.0,1210.0,86,86,W
365000.0,3.0,1.5,1310.0,1.0,0.0,3.0,1310.0,0.0,64,9,N
1580000.0,4.0,3.25,3760.0,1.5,0.0,5.0,2400.0,1360.0,64,64,NE
484000.0,2.0,1.75,1660.0,1.0,0.0,3.0,1160.0,500.0,72,15,NE
345000.0,3.0,1.0,1110.0,1.0,0.0,3.0,1110.0,0.0,58,13,NE
533000.0,5.0,2.75,1800.0,1.5,0.0,3.0,1400.0,400.0,88,11,N
385000.0,3.0,1.75,1900.0,1.0,0.0,3.0,1280.0,620.0,32,32,S
485000.0,3.0,2.0,1420.0,1.5,0.0,3.0,1420.0,0.0,109,1,N
499000.0,2.0,1.75,1170.0,1.0,0.0,4.0,740.0,430.0,111,111,N
1050000.0,3.0,2.5,2200.0,2.0,0.0,3.0,1610.0,590.0,6,6,E
500000.0,3.0,2.5,1480.0,3.0,0.0,3.0,1480.0,0.0,8,8,E
390000.0,5.0,3.75,2890.0,1.0,0.0,3.0,1310.0,1580.0,8,8,S
979000.0,3.0,2.5,2690.0,3.0,0.0,3.0,2690.0,0.0,0,0,NW
369950.0,3.0,2.0,1270.0,3.0,0.0,3.0,1270.0,0.0,8,8,N
519950.0,3.0,2.25,1170.0,3.0,0.0,3.0,1170.0,0.0,0,0,NW
495000.0,3.0,1.0,990.0,1.0,0.0,3.0,990.0,0.0,71,12,NE
750000.0,3.0,2.75,2520.0,1.0,0.0,4.0,1360.0,1160.0,68,25,W
526000.0,2.0,2.0,1550.0,1.5,0.0,4.0,1550.0,0.0,114,43,N
420000.0,2.0,1.5,1040.0,1.5,0.0,4.0,1040.0,0.0,110,110,S
749950.0,4.0,2.75,2600.0,2.0,0.0,5.0,1960.0,640.0,65,65,SW
568000.0,3.0,2.0,2350.0,1.5,0.0,3.0,1780.0,570.0,85,85,S
500000.0,2.0,1.0,1010.0,1.5,0.0,4.0,1010.0,0.0,108,24,E
475000.0,2.0,1.0,820.0,1.0,0.0,3.0,820.0,0.0,93,14,N
352000.0,5.0,2.5,2420.0,1.0,2.0,3.0,1620.0,800.0,36,36,S
599000.0,3.0,1.75,1960.0,1.0,0.0,4.0,1090.0,870.0,94,94,NE
575000.0,4.0,2.0,1650.0,1.0,0.0,3.0,1650.0,0.0,59,9,NW
705000.0,4.0,2.5,2650.0,1.5,0.0,3.0,1520.0,1130.0,109,1,SW
940000.0,4.0,2.25,1890.0,1.0,1.0,3.0,1470.0,420.0,51,6,E
485000.0,3.0,2.0,1610.0,1.0,0.0,4.0,1010.0,600.0,97,97,SW
300000.0,2.0,1.0,760.0,1.0,0.0,3.0,760.0,0.0,101,31,S
1340000.0,3.0,3.0,2960.0,2.0,2.0,3.0,2440.0,520.0,77,24,W
361280.0,2.0,1.0,820.0,1.0,0.0,4.0,820.0,0.0,70,70,SW
440000.0,3.0,1.75,1500.0,1.0,0.0,4.0,1060.0,440.0,67,26,S
530000.0,3.0,1.0,1340.0,1.0,0.0,3.0,1080.0,260.0,104,8,NE
380000.0,5.0,1.75,3000.0,1.0,0.0,5.0,1500.0,1500.0,56,56,S
690000.0,3.0,2.0,1760.0,1.0,0.0,4.0,980.0,780.0,72,32,W
794154.0,4.0,2.0,2210.0,1.0,1.0,4.0,1210.0,1000.0,60,35,W
245000.0,3.0,1.5,1260.0,2.0,0.0,3.0,1040.0,220.0,9,9,N
425000.0,2.0,2.5,1150.0,3.0,0.0,3.0,1150.0,0.0,6,6,N
365000.0,5.0,2.75,2410.0,1.0,0.0,3.0,1410.0,1000.0,6,6,S
417250.0,3.0,2.25,1606.0,3.0,0.0,3.0,1606.0,0.0,5,5,NE
339950.0,2.0,1.0,820.0,3.0,0.0,3.0,820.0,0.0,8,8,N
615000.0,2.0,1.0,1540.0,1.0,0.0,4.0,820.0,720.0,68,25,W
533000.0,3.0,1.0,1670.0,1.0,0.0,3.0,1170.0,500.0,47,3,NE
712000.0,3.0,1.0,1250.0,1.5,0.0,4.0,1150.0,100.0,114,43,N
205000.0,2.0,1.0,720.0,1.0,0.0,3.0,720.0,0.0,59,9,SW
553650.0,2.0,2.5,1360.0,2.0,0.0,3.0,1050.0,310.0,17,17,E
719000.0,3.0,2.5,1690.0,1.5,1.0,4.0,1690.0,0.0,86,86,SW
1039000.0,4.0,1.0,3410.0,2.0,0.0,5.0,2190.0,1220.0,104,104,S
515000.0,2.0,1.0,1060.0,1.0,0.0,3.0,1060.0,0.0,88,11,N
207000.0,3.0,1.0,1490.0,1.0,0.0,4.0,1490.0,0.0,60,35,S
385000.0,3.0,1.75,1890.0,1.0,0.0,3.0,1230.0,660.0,70,70,NE
235000.0,2.0,1.0,1270.0,1.0,0.0,4.0,650.0,620.0,91,91,S
228000.0,4.0,1.75,2000.0,1.0,0.0,3.0,1100.0,900.0,49,21,S
405000.0,2.0,1.0,1020.0,1.0,0.0,4.0,1020.0,0.0,66,66,NW
636000.0,2.0,1.75,1230.0,1.5,0.0,5.0,1230.0,0.0,89,89,W
530000.0,4.0,2.75,2280.0,1.5,0.0,4.0,1540.0,740.0,84,84,NE
230000.0,3.0,1.75,950.0,1.0,0.0,3.0,790.0,160.0,75,45,S
660000.0,3.0,1.75,1320.0,1.5,0.0,5.0,1320.0,0.0,96,96,SW
413450.0,3.0,2.5,1540.0,3.0,0.0,3.0,1470.0,70.0,6,6,N
930000.0,3.0,3.25,2640.0,2.0,0.0,3.0,1840.0,800.0,102,14,NE
835000.0,4.0,2.0,1910.0,1.5,0.0,5.0,1910.0,0.0,73,73,N
500000.0,3.0,1.75,1410.0,3.0,0.0,3.0,1410.0,0.0,2,102,N
499000.0,2.0,1.5,1110.0,2.0,0.0,3.0,930.0,180.0,9,9,W
321950.0,2.0,1.25,860.0,2.0,0.0,3.0,860.0,0.0,7,7,S
441750.0,2.0,1.5,1020.0,3.0,0.0,3.0,1020.0,0.0,6,6,N
438000.0,2.0,1.0,980.0,2.0,0.0,3.0,980.0,0.0,4,4,W
460000.0,4.0,1.75,1750.0,1.5,0.0,5.0,1050.0,700.0,88,88,NW
445000.0,4.0,2.0,1650.0,1.0,0.0,5.0,1000.0,650.0,55,55,S
195000.0,2.0,1.0,720.0,1.0,0.0,3.0,720.0,0.0,64,9,S
490000.0,2.0,1.0,1840.0,1.5,0.0,4.0,1130.0,710.0,104,104,NW
270000.0,3.0,1.5,1500.0,1.0,0.0,5.0,1500.0,0.0,61,61,NE
382000.0,3.0,3.25,1410.0,3.0,0.0,3.0,1410.0,0.0,9,9,N
536500.0,4.0,1.75,2000.0,1.5,0.0,5.0,1450.0,550.0,88,88,SW
463000.0,2.0,1.0,1150.0,1.0,0.0,4.0,1150.0,0.0,109,109,E
325000.0,3.0,2.25,1352.0,3.0,0.0,3.0,1352.0,0.0,7,7,NE
481450.0,3.0,2.0,1410.0,1.0,0.0,3.0,1410.0,0.0,74,18,NW
252500.0,3.0,1.0,1030.0,1.0,0.0,3.0,880.0,150.0,67,2,NE
536000.0,3.0,1.75,1300.0,1.5,0.0,3.0,1300.0,0.0,89,22,NE
445000.0,2.0,2.0,1150.0,1.0,0.0,3.0,860.0,290.0,74,18,NE
769900.0,4.0,3.5,2730.0,2.0,0.0,3.0,2400.0,330.0,8,8,SW
212000.0,2.0,1.5,1020.0,2.0,0.0,3.0,1020.0,0.0,10,11,N
376000.0,3.0,2.0,1340.0,3.0,0.0,3.0,1340.0,0.0,6,6,N
324000.0,3.0,2.25,998.0,2.0,0.0,3.0,798.0,200.0,7,7,NW
549900.0,5.0,2.75,3060.0,1.0,0.0,5.0,1600.0,1460.0,35,35,SW
875000.0,4.0,2.0,2520.0,1.0,0.0,3.0,1400.0,1120.0,93,7,N
394950.0,3.0,2.5,1350.0,3.0,0.0,3.0,1270.0,80.0,8,8,SW
368000.0,3.0,2.5,1370.0,2.0,0.0,3.0,1010.0,360.0,7,7,SW
885000.0,4.0,2.5,2830.0,2.0,0.0,3.0,2830.0,0.0,19,19,NE
490000.0,2.0,2.5,1230.0,2.0,0.0,3.0,870.0,360.0,10,11,E
235000.0,1.0,1.0,810.0,1.0,0.0,5.0,810.0,0.0,73,73,SW
255000.0,2.0,1.0,1220.0,1.0,0.0,3.0,770.0,450.0,104,8,SW
350000.0,2.0,1.0,910.0,1.5,0.0,4.0,910.0,0.0,108,24,S
582000.0,4.0,1.75,2120.0,1.0,1.0,3.0,1190.0,930.0,63,20,NW
1315000.0,4.0,3.5,3460.0,2.0,0.0,3.0,2560.0,900.0,10,11,N
372500.0,5.0,3.0,2480.0,1.0,0.0,3.0,1300.0,1180.0,10,11,S
360000.0,4.0,2.0,1730.0,1.0,0.0,5.0,1010.0,720.0,71,71,SW
210000.0,3.0,2.5,1040.0,2.0,0.0,3.0,720.0,320.0,10,11,S
499950.0,3.0,1.0,980.0,1.0,0.0,3.0,760.0,220.0,73,20,NE
500000.0,2.0,2.25,1290.0,3.0,0.0,3.0,1290.0,0.0,7,7,NW
870300.0,4.0,2.5,2350.0,1.5,0.0,4.0,1690.0,660.0,104,104,N
315275.0,3.0,1.75,1440.0,1.0,0.0,3.0,960.0,480.0,63,20,NE
610000.0,4.0,3.0,2110.0,1.5,2.0,4.0,1640.0,470.0,84,84,SW
910000.0,3.0,2.0,2700.0,1.0,0.0,4.0,1350.0,1350.0,52,52,NE
840000.0,4.0,2.75,2600.0,1.5,0.0,3.0,1620.0,980.0,78,78,N
300000.0,2.0,1.75,1360.0,1.0,0.0,3.0,860.0,500.0,39,39,NW
675000.0,4.0,3.0,2400.0,1.0,0.0,4.0,1200.0,1200.0,50,50,NW
734200.0,4.0,2.5,2760.0,1.5,0.0,5.0,1680.0,1080.0,86,44,NW
630000.0,4.0,2.0,1770.0,2.0,0.0,5.0,1770.0,0.0,103,33,W
301500.0,2.0,1.5,830.0,2.0,0.0,3.0,830.0,0.0,9,9,SW
369000.0,2.0,2.5,980.0,2.0,0.0,3.0,670.0,310.0,5,5,SW
635000.0,3.0,2.5,1570.0,3.0,0.0,3.0,1570.0,0.0,4,4,N
525000.0,5.0,3.0,2450.0,2.0,0.0,3.0,2450.0,0.0,20,20,NW
628000.0,4.0,2.0,2260.0,1.0,0.0,3.0,1430.0,830.0,56,10,NE
245000.0,5.0,1.75,2020.0,1.0,0.0,3.0,1220.0,800.0,52,11,S
415000.0,3.0,1.75,1960.0,1.0,0.0,5.0,980.0,980.0,103,30,S
799200.0,6.0,3.0,2890.0,2.5,0.0,3.0,2290.0,600.0,108,0,E
575000.0,3.0,1.75,1580.0,1.0,0.0,4.0,1180.0,400.0,63,15,S
155000.0,2.0,1.0,910.0,1.0,0.0,3.0,910.0,0.0,71,12,S
717000.0,3.0,1.5,1310.0,1.0,0.0,3.0,1090.0,220.0,58,13,NW
225000.0,3.0,1.0,1040.0,1.0,0.0,3.0,1040.0,0.0,67,2,S
230000.0,2.0,0.75,650.0,1.0,0.0,4.0,650.0,0.0,83,83,N
385000.0,3.0,2.0,1480.0,1.0,2.0,3.0,740.0,740.0,71,12,SW
665000.0,3.0,2.0,1940.0,1.5,0.0,5.0,1150.0,790.0,70,70,NW
620000.0,3.0,1.0,1710.0,1.5,0.0,3.0,1710.0,0.0,105,10,N
1105000.0,4.0,1.5,2740.0,2.0,0.0,5.0,1930.0,810.0,109,109,N
450000.0,3.0,2.75,1250.0,2.0,0.0,3.0,1040.0,210.0,4,4,SW
560000.0,3.0,1.0,1440.0,2.0,0.0,3.0,1440.0,0.0,104,8,N
413000.0,4.0,1.0,1410.0,1.0,0.0,3.0,810.0,600.0,89,12,SW
570000.0,3.0,2.0,1530.0,1.0,0.0,4.0,1530.0,0.0,77,77,NE
465000.0,3.0,1.5,1270.0,1.0,0.0,3.0,1270.0,0.0,64,9,NE
525000.0,3.0,2.5,1580.0,2.0,0.0,3.0,1010.0,570.0,6,6,E
870000.0,4.0,2.5,3520.0,2.5,0.0,3.0,2650.0,870.0,8,8,SW
650000.0,4.0,2.5,2210.0,2.0,0.0,3.0,2210.0,0.0,1,91,NW
330000.0,3.0,2.5,1450.0,1.0,0.0,3.0,840.0,610.0,7,7,SW
385000.0,4.0,1.75,1620.0,1.0,0.0,4.0,860.0,760.0,67,26,N
306000.0,3.0,1.5,1220.0,3.0,0.0,3.0,1220.0,0.0,7,7,N
546000.0,3.0,1.75,2000.0,1.0,0.0,4.0,1110.0,890.0,93,93,NW
620000.0,5.0,2.5,2540.0,2.0,0.0,5.0,1760.0,780.0,85,85,NW
372220.0,3.0,1.0,1290.0,1.0,0.0,3.0,980.0,310.0,63,20,SW
337500.0,5.0,2.0,1700.0,1.0,0.0,3.0,1000.0,700.0,58,13,S
582500.0,2.0,1.5,1159.0,1.0,0.0,3.0,1159.0,0.0,66,20,W
405100.0,2.0,1.0,840.0,1.0,0.0,3.0,840.0,0.0,67,2,W
538000.0,3.0,1.75,1400.0,1.5,0.0,4.0,1100.0,300.0,110,110,NW
1400000.0,3.0,2.5,2550.0,2.0,2.0,3.0,2550.0,0.0,33,1,S
702500.0,3.0,1.5,2360.0,2.0,0.0,5.0,1930.0,430.0,88,88,N
525000.0,3.0,1.75,1600.0,1.5,0.0,3.0,1600.0,0.0,90,3,NE
394475.0,2.0,1.0,830.0,1.0,0.0,3.0,830.0,0.0,59,9,NW
339950.0,3.0,1.0,1050.0,1.5,0.0,4.0,1050.0,0.0,108,24,S
715000.0,4.0,2.25,2060.0,1.0,0.0,5.0,1360.0,700.0,73,73,W
458000.0,3.0,1.0,1660.0,1.0,0.0,4.0,1060.0,600.0,74,13,NE
607500.0,5.0,1.75,2220.0,1.5,0.0,3.0,1420.0,800.0,91,16,W
400000.0,2.0,1.0,980.0,1.0,0.0,4.0,860.0,120.0,96,40,NW
300000.0,3.0,1.0,1260.0,1.0,0.0,3.0,1260.0,0.0,68,68,NE
185000.0,3.0,1.0,1150.0,1.0,0.0,3.0,1150.0,0.0,82,82,S
451555.0,2.0,1.0,1320.0,1.0,1.0,3.0,1320.0,0.0,102,43,SW
349950.0,3.0,1.0,1400.0,1.0,0.0,3.0,1400.0,0.0,57,14,NE
613000.0,4.0,2.0,1550.0,1.5,0.0,3.0,1550.0,0.0,105,10,N
197500.0,3.0,1.0,980.0,1.5,0.0,3.0,980.0,0.0,111,9,S
1255000.0,4.0,2.5,3200.0,2.0,0.0,3.0,3200.0,0.0,8,8,NE
575000.0,2.0,1.0,1490.0,1.0,0.0,3.0,1090.0,400.0,68,68,E
585000.0,5.0,1.75,2000.0,2.0,0.0,4.0,2000.0,0.0,93,93,N
790000.0,3.0,1.75,1790.0,1.0,2.0,3.0,1350.0,440.0,74,18,W
744000.0,4.0,3.0,1980.0,2.5,0.0,3.0,1980.0,0.0,73,9,SW
312500.0,2.0,1.0,880.0,1.0,0.0,3.0,880.0,0.0,95,13,SW
495000.0,4.0,2.0,2050.0,1.5,0.0,5.0,1210.0,840.0,73,73,S
640000.0,4.0,2.0,2560.0,1.0,0.0,4.0,1890.0,670.0,67,26,NE
295000.0,3.0,1.5,850.0,1.0,0.0,3.0,850.0,0.0,28,28,SW
343000.0,4.0,1.75,2290.0,1.0,0.0,3.0,1340.0,950.0,54,2,SW
467000.0,3.0,1.0,1660.0,1.0,0.0,5.0,1000.0,660.0,68,68,N
512500.0,3.0,2.5,1840.0,2.0,0.0,4.0,1840.0,0.0,17,17,SW
465000.0,3.0,1.75,1410.0,1.0,0.0,3.0,1410.0,0.0,90,1,N
340000.0,3.0,1.75,1960.0,1.0,0.0,3.0,980.0,980.0,66,20,SW
497000.0,4.0,2.5,2240.0,2.0,0.0,3.0,2240.0,0.0,19,19,S
344000.0,3.0,2.5,1232.0,3.0,0.0,3.0,1232.0,0.0,7,7,NE
312000.0,3.0,2.25,1490.0,2.0,0.0,3.0,1220.0,270.0,5,5,SW
350000.0,1.0,1.0,700.0,1.0,0.0,3.0,700.0,0.0,72,15,NE
408200.0,3.0,2.5,1800.0,2.0,0.0,4.0,1800.0,0.0,24,24,SW
451000.0,3.0,1.75,1560.0,1.5,2.0,3.0,1000.0,560.0,88,11,SW
799000.0,4.0,3.25,3120.0,2.0,0.0,3.0,2370.0,750.0,9,9,NE
490000.0,3.0,2.0,1450.0,1.5,0.0,3.0,1450.0,0.0,114,11,NW
342000.0,3.0,1.0,1260.0,1.0,0.0,3.0,720.0,540.0,70,70,NE
724800.0,3.0,2.0,2050.0,1.0,0.0,3.0,1180.0,870.0,88,13,E
605000.0,2.0,1.0,910.0,1.0,0.0,4.0,910.0,0.0,105,25,W
785000.0,3.0,2.0,2180.0,1.0,0.0,5.0,1100.0,1080.0,110,110,N
565000.0,3.0,2.25,1520.0,3.0,0.0,3.0,1520.0,0.0,1,91,NW
875000.0,3.0,2.0,2220.0,1.0,2.0,4.0,1220.0,1000.0,67,26,W
620000.0,3.0,2.25,1720.0,1.5,0.0,4.0,1450.0,270.0,93,93,NE
245000.0,2.0,1.0,870.0,1.0,0.0,3.0,870.0,0.0,73,20,SW
238000.0,3.0,2.0,1020.0,2.0,0.0,3.0,720.0,300.0,10,11,SW
523000.0,3.0,1.5,1260.0,1.5,0.0,3.0,1260.0,0.0,83,83,SW
180000.0,3.0,1.0,1000.0,1.0,0.0,3.0,1000.0,0.0,74,18,SW
375000.0,3.0,1.5,1100.0,2.0,0.0,3.0,940.0,160.0,7,7,S
540000.0,1.0,1.0,1140.0,1.5,0.0,3.0,1140.0,0.0,94,35,N
605000.0,3.0,2.25,1290.0,2.0,0.0,4.0,1290.0,0.0,27,27,E
490000.0,2.0,1.0,1160.0,1.0,0.0,4.0,1160.0,0.0,77,77,NW
341000.0,3.0,2.5,1480.0,2.0,0.0,3.0,1180.0,300.0,2,102,SW
410000.0,3.0,2.0,1700.0,1.0,0.0,3.0,890.0,810.0,70,70,W
488000.0,2.0,2.0,1360.0,1.0,0.0,3.0,780.0,580.0,70,70,NE
592500.0,2.0,2.0,1420.0,1.5,2.0,5.0,1420.0,0.0,86,44,NE
475000.0,2.0,1.0,1490.0,1.0,0.0,3.0,860.0,630.0,85,85,NW
487250.0,4.0,2.0,1690.0,1.5,0.0,3.0,1550.0,140.0,113,113,N
440000.0,2.0,1.5,1010.0,1.5,0.0,5.0,1010.0,0.0,108,108,NW
462000.0,3.0,1.5,1710.0,1.5,0.0,3.0,1410.0,300.0,86,60,S
560000.0,4.0,1.0,1660.0,1.5,0.0,3.0,1260.0,400.0,69,4,NW
285000.0,4.0,1.75,2080.0,1.0,0.0,4.0,1040.0,1040.0,59,5,S
210000.0,3.0,1.0,1080.0,1.0,0.0,3.0,1080.0,0.0,72,15,SW
690000.0,3.0,2.0,1610.0,1.5,0.0,5.0,1610.0,0.0,74,74,NE
411000.0,4.0,2.75,2500.0,2.0,0.0,3.0,2500.0,0.0,48,51,S
413500.0,2.0,1.0,770.0,1.0,0.0,5.0,770.0,0.0,90,58,NW
524950.0,3.0,1.75,1890.0,1.0,0.0,3.0,1290.0,600.0,40,40,NW
461000.0,2.0,1.0,1060.0,1.0,0.0,3.0,1060.0,0.0,88,11,N
885000.0,4.0,2.75,2730.0,1.5,0.0,3.0,1550.0,1180.0,93,7,NE
333000.0,4.0,2.0,1580.0,2.0,0.0,2.0,1580.0,0.0,108,108,S
485000.0,3.0,1.0,1500.0,1.5,0.0,3.0,1370.0,130.0,88,11,NW
485000.0,2.0,2.25,1260.0,3.0,0.0,3.0,1260.0,0.0,10,11,N
850000.0,4.0,3.5,2640.0,2.0,2.0,3.0,2640.0,0.0,77,16,SW
368000.0,2.0,1.5,1660.0,1.0,0.0,5.0,830.0,830.0,106,106,SW
433500.0,3.0,2.5,2200.0,2.0,0.0,3.0,2200.0,0.0,5,5,S
367000.0,2.0,1.0,700.0,1.0,0.0,3.0,700.0,0.0,69,4,NW
477000.0,3.0,2.5,1350.0,3.0,0.0,3.0,1350.0,0.0,9,9,NW
518000.0,3.0,2.5,1680.0,2.0,0.0,3.0,1380.0,300.0,6,6,NW
1190000.0,4.0,3.0,2240.0,1.5,0.0,4.0,1270.0,970.0,100,69,N
137000.0,3.0,1.0,950.0,1.0,0.0,3.0,950.0,0.0,60,9,SW
271310.0,2.0,1.0,870.0,1.5,0.0,2.0,870.0,0.0,108,108,S
479000.0,3.0,2.5,1260.0,3.0,0.0,3.0,1260.0,0.0,6,6,N
520000.0,4.0,3.5,2680.0,2.0,0.0,3.0,2040.0,640.0,72,0,NE
599950.0,3.0,2.5,2660.0,2.0,0.0,3.0,2660.0,0.0,0,0,S
483945.0,2.0,1.75,1480.0,1.0,0.0,4.0,840.0,640.0,63,15,SW
192500.0,2.0,1.0,950.0,1.0,0.0,3.0,950.0,0.0,88,11,S
330000.0,2.0,1.0,860.0,1.0,0.0,4.0,860.0,0.0,66,66,SW
243000.0,2.0,1.0,1770.0,1.5,0.0,4.0,960.0,810.0,71,71,S
575000.0,4.0,1.75,1280.0,1.0,0.0,3.0,860.0,420.0,88,11,NW
710000.0,2.0,1.0,1790.0,1.0,0.0,4.0,1040.0,750.0,91,91,E
490000.0,3.0,1.0,1910.0,1.0,0.0,4.0,1010.0,900.0,68,25,NW
467000.0,3.0,2.25,1270.0,2.0,0.0,3.0,1040.0,230.0,9,9,NW
480000.0,4.0,2.75,2050.0,1.0,0.0,4.0,1180.0,870.0,28,28,SW
755000.0,6.0,2.0,2150.0,1.0,0.0,3.0,1270.0,880.0,62,6,W
387000.0,2.0,2.25,1230.0,2.0,0.0,3.0,960.0,270.0,2,102,S
570000.0,2.0,1.75,1540.0,1.0,0.0,4.0,1190.0,350.0,106,106,SW
396675.0,2.0,1.0,1730.0,2.0,0.0,4.0,1730.0,0.0,69,69,SW
452000.0,4.0,1.0,1210.0,1.5,0.0,3.0,1210.0,0.0,114,9,N
792000.0,3.0,1.5,1570.0,2.0,0.0,3.0,1570.0,0.0,99,99,N
440000.0,2.0,1.75,1300.0,2.0,0.0,3.0,1300.0,0.0,66,20,NE
525000.0,3.0,1.5,1540.0,2.0,0.0,3.0,1540.0,0.0,73,5,SW
978000.0,4.0,2.75,2620.0,1.5,2.0,4.0,1720.0,900.0,88,21,S
1125000.0,6.0,3.0,2880.0,2.0,0.0,4.0,2180.0,700.0,95,29,N
700000.0,4.0,1.0,1680.0,1.5,0.0,3.0,1680.0,0.0,93,14,N
309000.0,3.0,1.0,1092.0,1.5,0.0,3.0,1092.0,0.0,96,96,SW
699000.0,4.0,2.5,2650.0,2.0,0.0,3.0,2650.0,0.0,8,8,NE
1100000.0,3.0,2.0,2390.0,2.0,1.0,5.0,2390.0,0.0,75,75,NE
430000.0,3.0,1.75,1200.0,1.0,0.0,5.0,1200.0,0.0,108,108,S
376000.0,2.0,1.0,1150.0,1.0,0.0,3.0,1150.0,0.0,67,2,W
475000.0,4.0,1.75,1650.0,1.0,0.0,4.0,1150.0,500.0,64,31,N
619500.0,3.0,2.5,1700.0,2.0,0.0,3.0,1700.0,0.0,22,22,E
194000.0,1.0,1.0,820.0,1.0,0.0,3.0,760.0,60.0,7,7,SW
329000.0,4.0,2.5,1600.0,1.0,0.0,3.0,830.0,770.0,67,3,SW
494000.0,4.0,1.75,2090.0,1.5,0.0,4.0,1250.0,840.0,89,46,SW
423000.0,4.0,1.75,1940.0,1.0,0.0,4.0,970.0,970.0,73,16,N
395000.0,3.0,1.5,1080.0,1.5,0.0,4.0,1080.0,0.0,94,94,NE
380000.0,3.0,1.75,1690.0,2.0,0.0,3.0,1380.0,310.0,6,6,S
440000.0,3.0,1.5,1270.0,3.0,0.0,3.0,1270.0,0.0,7,7,NE
415000.0,3.0,2.25,1970.0,2.0,0.0,3.0,1680.0,290.0,6,6,S
500000.0,3.0,2.5,1210.0,3.0,0.0,3.0,1210.0,0.0,6,6,N
953007.0,4.0,3.5,3120.0,2.0,0.0,3.0,2480.0,640.0,6,6,NE
772000.0,3.0,2.25,1640.0,3.0,0.0,3.0,1640.0,0.0,0,0,E
305000.0,2.0,2.5,1590.0,2.0,0.0,3.0,1220.0,370.0,5,5,SW
325000.0,3.0,1.0,990.0,1.0,0.0,4.0,990.0,0.0,67,26,N
199000.0,4.0,2.0,2030.0,2.0,0.0,3.0,2030.0,0.0,64,9,S
635000.0,4.0,2.25,2750.0,1.0,0.0,4.0,1500.0,1250.0,66,66,S
210000.0,3.0,1.0,1240.0,1.0,0.0,4.0,1240.0,0.0,98,98,S
475000.0,4.0,2.0,1790.0,1.0,2.0,4.0,840.0,950.0,105,25,N
230000.0,5.0,2.0,1930.0,1.5,0.0,3.0,1930.0,0.0,73,45,SW
249900.0,2.0,1.0,1140.0,1.0,0.0,3.0,1140.0,0.0,67,2,SW
270000.0,3.0,1.75,1390.0,1.0,0.0,3.0,860.0,530.0,57,14,SW
1003000.0,4.0,2.75,2290.0,2.0,0.0,4.0,2170.0,120.0,88,21,NE
299800.0,2.0,1.0,790.0,1.0,0.0,4.0,790.0,0.0,89,46,S
360000.0,2.0,0.75,850.0,1.0,2.0,5.0,550.0,300.0,105,26,S
218000.0,3.0,1.0,1020.0,1.0,0.0,3.0,1020.0,0.0,58,13,SW
452000.0,4.0,2.0,1660.0,1.0,0.0,3.0,850.0,810.0,69,4,SW
246000.0,3.0,1.5,1780.0,1.0,0.0,3.0,1780.0,0.0,61,61,S
535000.0,2.0,1.0,1030.0,1.0,0.0,3.0,920.0,110.0,75,45,N
430000.0,3.0,1.0,1150.0,1.0,0.0,5.0,1150.0,0.0,108,108,N
450000.0,2.0,1.0,1200.0,1.0,0.0,3.0,1070.0,130.0,74,18,SW
525000.0,3.0,1.0,1450.0,1.0,1.0,4.0,950.0,500.0,66,66,S
1220000.0,4.0,2.5,3240.0,2.0,0.0,3.0,2060.0,1180.0,6,6,N
540000.0,3.0,2.0,1470.0,2.0,0.0,3.0,1000.0,470.0,7,7,NE
285000.0,3.0,1.75,2380.0,1.5,0.0,3.0,1320.0,1060.0,79,40,S
300000.0,2.0,1.0,970.0,1.0,0.0,3.0,970.0,0.0,65,16,SW
700000.0,4.0,3.25,2780.0,2.0,0.0,3.0,2780.0,0.0,8,8,N
334990.0,4.0,2.5,2220.0,2.0,0.0,3.0,2220.0,0.0,0,0,SW
360000.0,3.0,2.5,1530.0,3.0,0.0,3.0,1530.0,0.0,5,5,N
373500.0,2.0,1.0,800.0,1.0,0.0,3.0,800.0,0.0,96,96,NW
926300.0,3.0,1.5,1660.0,2.0,0.0,3.0,1660.0,0.0,107,31,W
600000.0,3.0,1.75,1650.0,1.0,0.0,5.0,1040.0,610.0,106,106,NE
219900.0,3.0,1.0,910.0,1.0,0.0,2.0,910.0,0.0,58,58,SW
270000.0,2.0,1.5,840.0,2.0,0.0,3.0,840.0,0.0,9,9,NE
432000.0,3.0,2.25,1470.0,2.0,0.0,3.0,1090.0,380.0,7,7,SW
305000.0,4.0,1.75,2200.0,1.5,0.0,5.0,1400.0,800.0,72,72,S
235750.0,2.0,1.0,740.0,1.0,0.0,2.0,740.0,0.0,76,76,SW
657000.0,4.0,1.75,2740.0,1.0,2.0,3.0,1370.0,1370.0,60,9,S
150000.0,2.0,1.0,820.0,1.0,0.0,3.0,820.0,0.0,60,9,S
319950.0,2.0,1.0,1070.0,1.0,2.0,5.0,1070.0,0.0,65,65,S
337000.0,3.0,1.0,1070.0,1.0,0.0,5.0,1070.0,0.0,63,63,NE
492000.0,4.0,2.0,1640.0,2.0,0.0,3.0,1640.0,0.0,107,31,NW
400000.0,3.0,1.0,1040.0,1.0,0.0,3.0,1040.0,0.0,72,15,SW
431500.0,3.0,3.5,1900.0,2.0,0.0,3.0,1430.0,470.0,6,6,SW
677000.0,3.0,2.0,2000.0,1.0,0.0,4.0,1100.0,900.0,98,98,N
1180500.0,3.0,1.75,1610.0,1.0,0.0,3.0,1090.0,520.0,41,1,E
168000.0,2.0,2.5,1160.0,2.0,0.0,3.0,1160.0,0.0,16,8,SW
805000.0,4.0,2.75,2410.0,1.0,0.0,5.0,1410.0,1000.0,64,64,NW
940000.0,4.0,2.75,2080.0,1.5,0.0,3.0,2080.0,0.0,102,14,NW
380000.0,2.0,2.5,1230.0,2.0,0.0,3.0,1060.0,170.0,3,3,S
353250.0,2.0,1.0,1060.0,2.0,0.0,3.0,1060.0,0.0,35,0,S
320000.0,3.0,2.25,998.0,2.0,0.0,3.0,798.0,200.0,7,7,NW
321000.0,3.0,2.25,1347.0,3.0,0.0,3.0,1347.0,0.0,4,4,NE
359000.0,3.0,1.5,1360.0,3.0,0.0,3.0,1360.0,0.0,6,6,N
300000.0,5.0,2.5,2760.0,2.0,0.0,3.0,2760.0,0.0,8,8,S
380000.0,5.0,3.5,2420.0,2.0,0.0,3.0,2420.0,0.0,1,91,S
355000.0,3.0,2.25,1280.0,3.0,0.0,3.0,1280.0,0.0,9,9,N
430000.0,2.0,2.5,1520.0,2.0,0.0,3.0,1240.0,280.0,7,7,S
460000.0,3.0,1.0,1670.0,1.5,0.0,4.0,1170.0,500.0,75,25,NW
325000.0,3.0,1.0,1920.0,1.0,2.0,3.0,1120.0,800.0,62,6,S
662990.0,3.0,1.75,1240.0,1.5,0.0,5.0,1240.0,0.0,88,88,SW
478000.0,3.0,1.0,1280.0,1.5,0.0,3.0,1280.0,0.0,104,0,NE
515000.0,2.0,1.0,1680.0,1.0,0.0,4.0,1140.0,540.0,73,16,SW
149000.0,3.0,1.0,1700.0,1.0,0.0,3.0,1700.0,0.0,59,9,SW
526000.0,3.0,1.75,1680.0,1.0,0.0,3.0,960.0,720.0,22,22,NE
648475.0,4.0,2.75,2250.0,1.0,0.0,3.0,1200.0,1050.0,63,20,N
383000.0,3.0,1.0,1800.0,1.0,0.0,4.0,1200.0,600.0,72,32,SW
449950.0,3.0,2.0,1560.0,2.0,0.0,3.0,1560.0,0.0,91,32,NE
599000.0,3.0,2.75,1960.0,1.5,0.0,5.0,1410.0,550.0,88,88,N
595000.0,2.0,1.5,1030.0,1.0,0.0,3.0,830.0,200.0,90,3,N
661254.0,4.0,4.0,2290.0,1.5,0.0,5.0,1690.0,600.0,74,74,SW
641000.0,3.0,1.75,1620.0,1.0,0.0,5.0,940.0,680.0,88,88,NW
464600.0,3.0,1.75,1120.0,1.5,0.0,4.0,1120.0,0.0,89,46,SW
300000.0,2.0,1.0,1340.0,1.0,2.0,3.0,1340.0,0.0,67,2,S
670500.0,4.0,2.0,1590.0,1.0,0.0,3.0,1590.0,0.0,63,20,E
552000.0,3.0,1.0,1430.0,1.0,0.0,4.0,1080.0,350.0,95,29,NE
244000.0,4.0,1.0,1450.0,1.0,0.0,3.0,1450.0,0.0,71,12,SW
530000.0,4.0,1.75,1814.0,1.0,0.0,4.0,944.0,870.0,63,15,NE
90000.0,2.0,1.0,580.0,1.0,0.0,3.0,580.0,0.0,71,12,S
585000.0,3.0,2.0,1670.0,1.5,0.0,3.0,1670.0,0.0,83,83,NW
379000.0,2.0,1.0,800.0,1.0,2.0,3.0,800.0,0.0,74,18,NE
462000.0,3.0,1.75,1300.0,1.0,0.0,5.0,820.0,480.0,95,80,NE
606000.0,3.0,1.0,1500.0,1.0,0.0,3.0,1000.0,500.0,67,2,NW
334000.0,4.0,2.5,2210.0,1.0,2.0,4.0,1410.0,800.0,49,49,S
360000.0,3.0,2.0,1270.0,3.0,0.0,3.0,1270.0,0.0,8,8,N
235000.0,2.0,1.0,1140.0,1.5,0.0,3.0,1010.0,130.0,7,7,SW
355000.0,3.0,2.0,1220.0,3.0,0.0,3.0,1220.0,0.0,7,7,N
375000.0,2.0,2.5,750.0,2.0,0.0,3.0,750.0,0.0,8,8,E
479000.0,3.0,1.0,1370.0,1.5,0.0,3.0,1370.0,0.0,90,3,N
501000.0,2.0,1.0,1010.0,1.0,0.0,5.0,1010.0,0.0,90,58,NE
276000.0,3.0,1.0,1140.0,1.0,0.0,3.0,1140.0,0.0,54,2,SW
468000.0,2.0,1.0,1160.0,1.0,0.0,4.0,860.0,300.0,72,32,NE
477000.0,4.0,2.75,1720.0,2.0,0.0,3.0,1720.0,0.0,36,36,S
529000.0,3.0,1.0,1210.0,1.5,0.0,4.0,1210.0,0.0,90,90,NW
312000.0,3.0,1.5,1255.0,3.0,0.0,3.0,1255.0,0.0,10,11,NE
326100.0,2.0,1.0,880.0,1.0,0.0,3.0,880.0,0.0,72,15,NW
360000.0,3.0,1.0,1050.0,1.5,0.0,3.0,1050.0,0.0,60,9,NE
160000.0,2.0,1.0,1180.0,1.0,0.0,3.0,1180.0,0.0,96,96,S
1570000.0,4.0,3.75,3070.0,2.0,0.0,5.0,2400.0,670.0,87,87,E
400000.0,2.0,1.0,1470.0,1.0,0.0,2.0,1470.0,0.0,74,74,NE
730001.0,3.0,2.0,1840.0,1.0,0.0,5.0,1010.0,830.0,63,63,NW
751750.0,2.0,2.0,1880.0,1.5,0.0,3.0,1880.0,0.0,112,112,E
457500.0,3.0,1.75,1840.0,1.0,0.0,5.0,1050.0,790.0,89,89,S
535000.0,2.0,1.0,1040.0,1.0,0.0,3.0,1040.0,0.0,63,20,NE
540000.0,4.0,4.25,1960.0,2.0,0.0,3.0,1960.0,0.0,74,11,SW
1100000.0,3.0,2.75,2640.0,1.5,0.0,5.0,1750.0,890.0,88,88,E
499950.0,3.0,3.5,1820.0,2.0,0.0,3.0,1430.0,390.0,0,0,S
329000.0,3.0,1.0,1600.0,1.0,0.0,4.0,1150.0,450.0,50,50,SW
435000.0,3.0,1.0,1270.0,1.5,2.0,3.0,1270.0,0.0,86,60,SW
780000.0,3.0,3.0,2520.0,1.5,0.0,3.0,1560.0,960.0,89,8,W
345000.0,2.0,1.5,1180.0,2.0,0.0,3.0,990.0,190.0,9,9,S
967500.0,3.0,3.75,3250.0,2.0,2.0,4.0,2370.0,880.0,63,15,W
375000.0,3.0,1.5,2000.0,1.0,0.0,3.0,1520.0,480.0,49,21,S
994000.0,3.0,2.25,2510.0,1.5,2.0,5.0,1810.0,700.0,82,12,W
675000.0,3.0,2.5,2540.0,2.0,1.0,4.0,2540.0,0.0,74,13,NW
280000.0,3.0,1.0,1200.0,1.0,0.0,3.0,920.0,280.0,71,12,S
535000.0,4.0,2.5,2340.0,2.0,0.0,3.0,2340.0,0.0,93,1,SW
427000.0,2.0,1.0,920.0,1.0,0.0,3.0,920.0,0.0,104,8,N
405000.0,2.0,1.0,910.0,1.0,0.0,3.0,910.0,0.0,72,15,NE
480000.0,3.0,1.0,1150.0,1.0,2.0,3.0,1150.0,0.0,71,12,SW
725000.0,3.0,1.5,2500.0,1.5,2.0,3.0,1450.0,1050.0,74,18,NW
488000.0,3.0,2.5,1590.0,3.0,0.0,3.0,1590.0,0.0,29,29,NW
460000.0,3.0,3.5,1600.0,2.0,0.0,3.0,1240.0,360.0,8,8,NW
399950.0,3.0,3.0,1296.0,3.0,0.0,3.0,1296.0,0.0,5,5,NE
370000.0,2.0,2.25,1280.0,2.0,0.0,3.0,1080.0,200.0,5,5,S
495000.0,3.0,2.5,1750.0,3.0,0.0,3.0,1750.0,0.0,1,91,S
599000.0,4.0,2.75,2020.0,1.0,0.0,3.0,1010.0,1010.0,97,0,E
815000.0,4.0,2.25,2000.0,2.0,0.0,3.0,2000.0,0.0,13,13,NE
740000.0,2.0,1.75,2080.0,1.0,0.0,5.0,1080.0,1000.0,91,91,NW
925000.0,3.0,2.5,2690.0,2.0,0.0,5.0,1840.0,850.0,71,71,NE
1285000.0,4.0,2.5,3240.0,1.0,0.0,3.0,2260.0,980.0,68,68,NE
335000.0,4.0,2.0,1480.0,1.0,0.0,5.0,740.0,740.0,104,104,S
840000.0,4.0,2.75,3040.0,2.0,0.0,3.0,2100.0,940.0,108,0,E
450000.0,3.0,1.0,1100.0,1.0,0.0,3.0,1100.0,0.0,97,5,SW
681000.0,3.0,1.0,1700.0,1.5,0.0,3.0,1700.0,0.0,107,31,S
370000.0,3.0,1.0,800.0,1.0,0.0,4.0,800.0,0.0,106,106,N
150000.0,3.0,1.0,820.0,1.5,0.0,3.0,820.0,0.0,104,8,SW
432500.0,3.0,1.75,1980.0,1.0,0.0,3.0,1270.0,710.0,49,21,N
820000.0,3.0,2.5,2510.0,2.0,2.0,3.0,2510.0,0.0,19,19,SW
438750.0,3.0,1.75,1610.0,1.0,0.0,4.0,1610.0,0.0,67,26,NE
1210000.0,4.0,2.75,3650.0,2.0,2.0,4.0,2530.0,1120.0,63,11,NE
589000.0,3.0,1.0,1110.0,1.5,0.0,5.0,1110.0,0.0,82,12,W
590000.0,3.0,2.0,1650.0,2.0,0.0,4.0,1650.0,0.0,88,21,SW
210000.0,2.0,1.5,880.0,2.0,0.0,3.0,880.0,0.0,7,7,SW
840500.0,3.0,2.0,2520.0,1.5,0.0,4.0,1410.0,1110.0,108,24,W
380000.0,3.0,2.0,1660.0,1.0,0.0,3.0,1660.0,0.0,65,16,SW
355000.0,2.0,1.0,1270.0,1.0,0.0,4.0,960.0,310.0,94,94,N
277000.0,4.0,1.0,1450.0,1.0,0.0,3.0,990.0,460.0,50,14,SW
270000.0,3.0,1.75,1300.0,1.0,0.0,4.0,650.0,650.0,96,61,SW
700000.0,2.0,1.75,2320.0,1.5,2.0,3.0,1720.0,600.0,89,14,S
635000.0,3.0,2.5,2300.0,1.5,0.0,4.0,2000.0,300.0,93,93,S
510250.0,3.0,1.75,1400.0,1.0,0.0,3.0,870.0,530.0,63,20,NW
960000.0,4.0,2.25,2410.0,2.0,2.0,5.0,1800.0,610.0,85,85,NW
580000.0,5.0,2.0,1940.0,1.0,0.0,5.0,970.0,970.0,69,69,NE
285000.0,2.0,1.0,800.0,1.0,0.0,3.0,800.0,0.0,60,9,NE
840000.0,4.0,1.75,2330.0,2.0,0.0,5.0,1300.0,1030.0,90,58,NE
474800.0,2.0,3.25,1400.0,3.0,0.0,3.0,1400.0,0.0,14,14,N
430000.0,3.0,3.75,3890.0,1.0,2.0,3.0,2390.0,1500.0,71,7,S
345000.0,2.0,1.0,1080.0,1.0,0.0,3.0,1080.0,0.0,74,18,NW
875000.0,3.0,2.75,2280.0,1.0,0.0,5.0,1280.0,1000.0,97,97,N
325000.0,2.0,2.5,1050.0,2.0,0.0,3.0,1050.0,0.0,9,9,S
485000.0,4.0,1.0,1600.0,1.5,0.0,4.0,1600.0,0.0,98,98,N
535000.0,3.0,2.5,1360.0,3.0,0.0,3.0,1310.0,50.0,11,11,NE
389000.0,2.0,1.0,910.0,1.0,0.0,3.0,910.0,0.0,62,6,NE
400000.0,4.0,1.5,1390.0,1.0,0.0,3.0,1140.0,250.0,49,21,N
820000.0,4.0,2.25,2280.0,1.5,2.0,3.0,1960.0,320.0,74,30,W
436500.0,2.0,1.0,1260.0,1.0,0.0,3.0,1040.0,220.0,63,20,NW
680000.0,3.0,2.25,2330.0,1.5,2.0,5.0,1520.0,810.0,87,87,NE
750500.0,5.0,3.0,2170.0,1.5,0.0,4.0,1450.0,720.0,103,48,NE
550000.0,5.0,2.0,2450.0,1.0,0.0,4.0,1240.0,1210.0,114,59,N
619000.0,4.0,2.0,2300.0,1.5,0.0,5.0,1550.0,750.0,99,99,NW
300000.0,2.0,1.0,820.0,1.0,0.0,4.0,820.0,0.0,98,98,N
400000.0,4.0,2.75,1240.0,1.0,0.0,3.0,800.0,440.0,27,14,NE
450000.0,4.0,2.0,2240.0,1.0,0.0,5.0,1120.0,1120.0,58,58,SW
595000.0,3.0,2.0,1480.0,1.0,0.0,4.0,750.0,730.0,86,86,NW
155000.0,3.0,1.0,1250.0,1.0,0.0,2.0,1030.0,220.0,65,65,S
529000.0,3.0,1.0,1590.0,1.0,0.0,3.0,1590.0,0.0,70,70,SW
635200.0,4.0,1.75,1640.0,1.0,0.0,5.0,920.0,720.0,93,93,NW
540000.0,3.0,1.5,2600.0,1.0,0.0,4.0,1400.0,1200.0,74,13,SW
402000.0,2.0,1.0,710.0,2.0,0.0,4.0,710.0,0.0,71,71,E
329932.0,3.0,1.5,1460.0,1.0,0.0,3.0,1100.0,360.0,43,43,N
445000.0,4.0,1.75,1990.0,1.5,0.0,4.0,1190.0,800.0,70,70,SW
395000.0,2.0,1.0,1320.0,1.5,0.0,4.0,1320.0,0.0,105,25,S
510000.0,3.0,1.5,2240.0,2.0,0.0,3.0,1370.0,870.0,85,85,NE
685000.0,3.0,1.75,1940.0,1.0,1.0,4.0,1440.0,500.0,54,13,SW
350000.0,4.0,2.5,2040.0,2.0,0.0,3.0,2040.0,0.0,3,3,S
305000.0,2.0,2.25,1000.0,3.0,0.0,3.0,1000.0,0.0,8,8,NW
645000.0,3.0,3.25,1730.0,2.0,2.0,3.0,1320.0,410.0,6,6,W
385000.0,3.0,1.0,1220.0,1.0,0.0,3.0,1220.0,0.0,113,113,E
425000.0,3.0,1.75,1680.0,1.0,2.0,4.0,840.0,840.0,114,43,N
369000.0,3.0,2.0,1550.0,1.0,0.0,3.0,1150.0,400.0,55,25,SW
650000.0,2.0,2.5,1740.0,2.0,2.0,3.0,1210.0,530.0,20,20,E
299950.0,3.0,1.0,1210.0,1.0,0.0,3.0,1210.0,0.0,59,9,SW
659000.0,4.0,2.5,3190.0,1.0,0.0,5.0,2210.0,980.0,68,68,NE
490000.0,3.0,1.75,1920.0,1.0,2.0,4.0,960.0,960.0,67,26,SW
750000.0,3.0,1.75,1700.0,1.0,0.0,3.0,1460.0,240.0,67,2,W
700000.0,4.0,2.5,2310.0,1.5,0.0,3.0,1490.0,820.0,87,0,N
1365000.0,3.0,2.5,2090.0,1.5,0.0,4.0,2090.0,0.0,86,86,NE
330000.0,2.0,2.5,1240.0,2.0,0.0,3.0,1240.0,0.0,7,7,S
560000.0,3.0,1.5,2000.0,1.0,0.0,3.0,2000.0,0.0,61,61,NW
315000.0,3.0,2.0,1060.0,1.0,0.0,3.0,1060.0,0.0,33,1,SW
399000.0,2.0,1.0,940.0,1.0,0.0,4.0,940.0,0.0,103,59,SW
740000.0,5.0,3.75,3990.0,2.0,0.0,3.0,3090.0,900.0,77,4,NE
280000.0,2.0,1.0,1880.0,1.0,0.0,3.0,940.0,940.0,95,13,SW
750000.0,4.0,2.75,2600.0,1.0,0.0,3.0,1560.0,1040.0,38,38,NE
427000.0,5.0,2.75,2220.0,1.0,0.0,3.0,1230.0,990.0,41,1,S
735000.0,4.0,3.0,2840.0,1.5,0.0,4.0,2060.0,780.0,83,83,S
240000.0,3.0,2.0,1330.0,1.0,0.0,4.0,630.0,700.0,114,43,S
645500.0,2.0,1.0,1890.0,1.5,0.0,4.0,1890.0,0.0,105,25,NW
325000.0,3.0,1.75,2180.0,1.0,0.0,4.0,1090.0,1090.0,53,13,S
919204.0,4.0,3.5,3760.0,2.0,0.0,3.0,2860.0,900.0,0,0,NW
1505000.0,4.0,3.5,3480.0,2.0,0.0,3.0,2580.0,900.0,88,4,S
250000.0,1.0,1.0,750.0,1.0,0.0,3.0,750.0,0.0,96,96,SW
315000.0,3.0,1.0,960.0,1.0,0.0,3.0,960.0,0.0,62,6,NE
404000.0,3.0,1.5,2030.0,1.0,0.0,3.0,1330.0,700.0,51,6,S
285000.0,2.0,2.5,1380.0,2.0,0.0,3.0,1140.0,240.0,3,3,SW
500000.0,3.0,2.0,1720.0,1.0,2.0,5.0,960.0,760.0,73,73,S
380000.0,2.0,1.0,1210.0,1.0,0.0,3.0,1060.0,150.0,64,9,S
469000.0,3.0,1.0,950.0,1.5,0.0,5.0,950.0,0.0,66,29,E
405000.0,2.0,1.75,1710.0,2.0,0.0,3.0,1330.0,380.0,94,35,SW
629000.0,3.0,2.0,1760.0,1.0,0.0,5.0,960.0,800.0,94,94,W
395000.0,1.0,1.0,730.0,1.0,0.0,3.0,730.0,0.0,103,35,NW
965000.0,4.0,2.5,2460.0,2.0,0.0,5.0,1620.0,840.0,76,76,E
820000.0,3.0,1.75,2160.0,1.0,0.0,4.0,1390.0,770.0,54,13,NE
661000.0,4.0,2.25,1990.0,1.5,2.0,4.0,1420.0,570.0,82,56,SW
686000.0,3.0,1.5,1840.0,2.0,0.0,5.0,1840.0,0.0,53,53,NW
430000.0,2.0,1.0,990.0,1.0,0.0,3.0,990.0,0.0,67,2,NW
809000.0,4.0,1.5,1840.0,2.0,0.0,4.0,1840.0,0.0,97,97,E
440150.0,2.0,1.0,1110.0,1.0,0.0,5.0,1000.0,110.0,67,67,N
455000.0,2.0,1.0,1170.0,1.0,0.0,4.0,970.0,200.0,73,16,N
635000.0,3.0,2.5,1960.0,1.0,0.0,4.0,980.0,980.0,74,13,S
985000.0,3.0,1.75,1670.0,2.0,0.0,5.0,1670.0,0.0,102,102,E
465500.0,3.0,1.75,1890.0,1.0,0.0,3.0,1290.0,600.0,49,21,S
730000.0,4.0,2.0,2360.0,1.0,0.0,5.0,1260.0,1100.0,75,75,W
550000.0,3.0,2.0,1810.0,1.5,0.0,3.0,1810.0,0.0,89,12,N
345000.0,3.0,1.75,1990.0,1.0,1.0,3.0,1320.0,670.0,51,6,S
342000.0,2.0,2.5,1175.0,2.0,0.0,3.0,740.0,435.0,9,9,N
455000.0,2.0,1.0,1140.0,1.0,0.0,3.0,850.0,290.0,67,2,NE
540000.0,4.0,1.75,1720.0,1.5,0.0,4.0,1460.0,260.0,89,46,S
400000.0,3.0,2.5,1495.0,3.0,0.0,3.0,1405.0,90.0,8,8,S
850000.0,3.0,1.75,1370.0,1.0,0.0,5.0,770.0,600.0,103,26,E
930000.0,4.0,2.5,2200.0,2.0,0.0,5.0,1430.0,770.0,106,106,W
530000.0,3.0,1.75,1250.0,1.5,0.0,5.0,1250.0,0.0,72,72,NE
500000.0,3.0,1.75,1620.0,1.0,0.0,5.0,830.0,790.0,69,69,NE
1100000.0,4.0,3.75,2930.0,1.5,0.0,5.0,2130.0,800.0,89,89,W
689800.0,3.0,2.75,2390.0,1.0,0.0,5.0,1390.0,1000.0,72,72,N
430000.0,3.0,2.0,1360.0,1.5,0.0,4.0,910.0,450.0,90,90,SW
785200.0,3.0,2.25,1840.0,1.5,0.0,5.0,1540.0,300.0,104,104,E
835000.0,4.0,2.75,1550.0,1.5,0.0,3.0,1550.0,0.0,84,17,NE
440000.0,2.0,1.0,1230.0,1.0,0.0,3.0,1130.0,100.0,108,0,S
660000.0,3.0,2.5,2290.0,3.0,0.0,4.0,2290.0,0.0,61,31,E
280000.0,2.0,1.5,1480.0,1.0,0.0,4.0,1480.0,0.0,74,13,SW
235000.0,2.0,1.0,720.0,1.0,0.0,4.0,720.0,0.0,67,26,SW
390000.0,3.0,2.0,1080.0,1.0,0.0,5.0,1080.0,0.0,67,67,NE
710000.0,3.0,2.0,2140.0,1.0,0.0,4.0,1070.0,1070.0,86,86,N
312000.0,3.0,2.25,1540.0,1.0,0.0,5.0,770.0,770.0,60,60,NE
545000.0,3.0,1.75,1810.0,1.5,0.0,4.0,1810.0,0.0,111,111,NW
409950.0,2.0,1.75,1370.0,1.0,0.0,5.0,1370.0,0.0,70,70,N
605000.0,3.0,2.0,2060.0,1.0,0.0,4.0,1120.0,940.0,67,26,N
425000.0,2.0,2.5,1140.0,3.0,0.0,3.0,1140.0,0.0,7,7,NW
210000.0,3.0,1.0,1110.0,1.0,0.0,3.0,1110.0,0.0,52,11,SW
718000.0,3.0,1.0,1030.0,1.0,0.0,5.0,1030.0,0.0,62,16,NE
320000.0,3.0,3.25,1530.0,2.0,0.0,3.0,1140.0,390.0,1,91,SW
390000.0,3.0,2.25,1250.0,1.0,0.0,5.0,1250.0,0.0,72,72,SW
375000.0,4.0,1.75,2200.0,1.0,0.0,5.0,1100.0,1100.0,59,59,S
240500.0,3.0,1.75,1460.0,1.0,0.0,3.0,990.0,470.0,17,17,S
327500.0,3.0,1.0,1070.0,1.0,0.0,3.0,1070.0,0.0,25,25,S
280000.0,2.0,1.0,960.0,1.0,0.0,3.0,960.0,0.0,72,15,NW
865000.0,3.0,1.75,2090.0,2.0,0.0,3.0,1610.0,480.0,67,1,W
135000.0,1.0,1.0,790.0,1.0,0.0,3.0,790.0,0.0,72,15,S
437000.0,2.0,1.75,1500.0,1.0,0.0,4.0,910.0,590.0,72,32,NW
175000.0,2.0,1.0,670.0,1.0,0.0,3.0,670.0,0.0,95,13,SW
465000.0,3.0,1.0,910.0,1.0,0.0,3.0,910.0,0.0,66,20,NW
540000.0,3.0,1.0,1050.0,1.0,0.0,4.0,1050.0,0.0,89,46,NE
525000.0,3.0,2.0,1540.0,1.0,0.0,3.0,1540.0,0.0,10,11,NE
760500.0,3.0,2.0,1990.0,1.0,0.0,5.0,1130.0,860.0,102,102,N
519000.0,2.0,1.0,830.0,1.0,0.0,4.0,830.0,0.0,94,94,N
317000.0,3.0,1.0,1010.0,1.0,0.0,3.0,1010.0,0.0,55,25,S
371000.0,3.0,1.5,1420.0,1.0,0.0,3.0,1420.0,0.0,55,25,N
499950.0,3.0,2.5,1520.0,2.0,0.0,3.0,1040.0,480.0,7,7,W
375000.0,2.0,1.0,820.0,1.0,0.0,4.0,820.0,0.0,92,92,SW
640000.0,3.0,2.5,1690.0,2.5,0.0,3.0,1690.0,0.0,7,7,W
989000.0,5.0,3.5,3280.0,2.0,0.0,3.0,2440.0,840.0,11,11,NW
365000.0,2.0,1.0,1250.0,1.0,0.0,4.0,1250.0,0.0,67,26,NE
411715.0,3.0,1.75,1840.0,1.0,0.0,5.0,1040.0,800.0,62,16,S
489000.0,3.0,1.5,1020.0,1.0,0.0,3.0,920.0,100.0,84,17,NE
355000.0,2.0,1.75,1650.0,1.0,0.0,4.0,950.0,700.0,67,26,S
742000.0,3.0,3.25,1540.0,3.0,0.0,3.0,1540.0,0.0,3,3,E
399950.0,3.0,1.5,2080.0,1.0,0.0,3.0,1190.0,890.0,55,25,NE
767450.0,3.0,2.0,1630.0,1.0,0.0,3.0,1630.0,0.0,8,8,NW
586500.0,3.0,2.5,1780.0,3.0,0.0,3.0,1600.0,180.0,8,8,N
455000.0,3.0,1.75,1420.0,3.0,0.0,3.0,1420.0,0.0,8,8,N
620000.0,4.0,2.25,2400.0,1.5,0.0,4.0,1460.0,940.0,85,85,NW
269000.0,3.0,1.0,1690.0,1.0,0.0,3.0,1020.0,670.0,47,3,S
875000.0,3.0,3.5,3250.0,2.0,0.0,3.0,2500.0,750.0,13,13,SW
647500.0,3.0,1.75,1290.0,1.0,0.0,5.0,1290.0,0.0,98,98,S
450000.0,4.0,1.0,2000.0,1.5,0.0,3.0,1250.0,750.0,98,28,S
440000.0,3.0,1.0,1050.0,1.0,0.0,3.0,1050.0,0.0,114,9,SW
445000.0,4.0,2.5,2340.0,2.0,0.0,3.0,2340.0,0.0,6,6,SW
875000.0,5.0,2.5,2920.0,2.0,0.0,3.0,2320.0,600.0,108,0,E
495000.0,5.0,3.0,2440.0,1.0,0.0,3.0,1450.0,990.0,8,8,S
546000.0,2.0,1.0,970.0,1.0,0.0,3.0,970.0,0.0,90,3,N
700000.0,3.0,1.75,1910.0,1.0,0.0,3.0,1080.0,830.0,55,25,N
640000.0,3.0,1.75,2340.0,1.0,0.0,5.0,1170.0,1170.0,97,97,S
390000.0,3.0,2.0,1463.0,3.0,0.0,3.0,1463.0,0.0,11,11,NE
466500.0,3.0,1.0,1430.0,1.0,0.0,3.0,950.0,480.0,69,4,NW
356000.0,2.0,1.0,920.0,1.0,0.0,4.0,920.0,0.0,100,69,S
229000.0,2.0,1.0,1190.0,1.0,0.0,3.0,830.0,360.0,73,20,S
619000.0,4.0,1.75,1660.0,1.5,0.0,3.0,1660.0,0.0,88,11,NE
547000.0,3.0,2.5,1480.0,1.0,0.0,4.0,1480.0,0.0,46,46,NE
499000.0,3.0,3.5,1690.0,2.0,0.0,3.0,1360.0,330.0,6,6,W
453500.0,4.0,1.75,2000.0,1.0,2.0,3.0,1300.0,700.0,55,25,SW
456000.0,4.0,1.75,1670.0,1.0,0.0,5.0,1670.0,0.0,67,67,NE
335000.0,3.0,2.0,1170.0,1.0,0.0,3.0,1170.0,0.0,95,13,SW
605004.0,4.0,2.0,1370.0,2.0,0.0,3.0,1370.0,0.0,63,20,W
886000.0,4.0,2.0,2660.0,1.5,0.0,4.0,1480.0,1180.0,91,91,E
465000.0,3.0,2.25,1530.0,2.0,0.0,3.0,1050.0,480.0,0,0,E
584000.0,3.0,2.5,1480.0,2.0,0.0,3.0,1280.0,200.0,7,7,E
275000.0,3.0,3.0,1390.0,2.0,0.0,3.0,1140.0,250.0,8,8,S
324500.0,3.0,2.5,1660.0,2.0,0.0,3.0,1660.0,0.0,5,5,S
700000.0,3.0,2.5,2050.0,2.0,0.0,3.0,2050.0,0.0,3,3,NW
385200.0,4.0,1.0,1550.0,1.5,0.0,3.0,1550.0,0.0,60,9,SW
735000.0,4.0,2.5,2820.0,2.0,0.0,3.0,2050.0,770.0,1,91,S
389250.0,2.0,1.5,1490.0,1.0,0.0,3.0,930.0,560.0,58,13,SW
545000.0,4.0,2.5,2040.0,2.0,0.0,3.0,2040.0,0.0,24,5,NE
550000.0,3.0,1.5,1900.0,1.5,0.0,3.0,1640.0,260.0,88,11,NE
500000.0,4.0,1.0,1720.0,1.5,0.0,4.0,1720.0,0.0,110,110,NW
920000.0,4.0,2.75,2880.0,1.5,0.0,5.0,1710.0,1170.0,86,44,SW
435000.0,2.0,1.0,1260.0,1.5,0.0,5.0,1260.0,0.0,88,88,NE
253500.0,2.0,1.0,810.0,1.0,0.0,3.0,810.0,0.0,66,20,SW
595000.0,4.0,2.5,1990.0,2.0,0.0,3.0,1680.0,310.0,9,9,NW
660000.0,3.0,1.75,1980.0,1.5,0.0,4.0,1140.0,840.0,88,21,NE
285000.0,2.0,1.0,780.0,1.0,0.0,4.0,780.0,0.0,71,71,SW
435000.0,3.0,2.0,980.0,1.0,0.0,3.0,980.0,0.0,74,18,S
1280000.0,4.0,3.5,3010.0,2.0,0.0,3.0,2370.0,640.0,15,15,E
739000.0,4.0,3.0,2720.0,2.0,0.0,5.0,1800.0,920.0,95,80,NE
452000.0,2.0,1.75,1740.0,1.0,0.0,4.0,990.0,750.0,68,25,NE
279000.0,5.0,2.5,2690.0,2.0,0.0,3.0,2690.0,0.0,2,102,S
490000.0,3.0,3.0,1730.0,3.0,0.0,3.0,1730.0,0.0,29,29,NW
445000.0,2.0,1.0,1440.0,1.0,0.0,3.0,960.0,480.0,99,99,N
455000.0,3.0,1.0,1300.0,1.5,0.0,3.0,1300.0,0.0,87,3,NE
410000.0,3.0,1.0,1410.0,1.0,0.0,4.0,910.0,500.0,58,58,N
450000.0,3.0,1.75,1640.0,1.0,0.0,3.0,1110.0,530.0,74,18,NE
552000.0,2.0,2.5,1380.0,3.0,0.0,3.0,1380.0,0.0,8,8,N
378500.0,2.0,1.0,730.0,1.0,0.0,3.0,730.0,0.0,68,68,NE
304700.0,2.0,1.0,740.0,1.0,0.0,4.0,740.0,0.0,65,29,N
568000.0,3.0,1.75,2050.0,1.0,0.0,4.0,1070.0,980.0,37,37,SW
345000.0,3.0,2.5,1210.0,3.0,0.0,3.0,1210.0,0.0,6,6,N
435000.0,3.0,2.25,1890.0,1.0,0.0,4.0,1230.0,660.0,41,41,NE
400000.0,2.0,1.0,1140.0,1.0,0.0,3.0,1140.0,0.0,72,15,SW
440000.0,3.0,1.75,2240.0,1.0,0.0,3.0,1120.0,1120.0,66,20,NE
417000.0,2.0,1.0,920.0,1.0,0.0,3.0,920.0,0.0,95,11,S
435000.0,2.0,1.0,800.0,1.0,0.0,3.0,800.0,0.0,108,0,NW
831000.0,4.0,2.5,2030.0,1.5,0.0,4.0,1630.0,400.0,88,21,N
425000.0,2.0,1.0,910.0,1.0,0.0,4.0,910.0,0.0,109,109,NW
550000.0,4.0,2.5,2700.0,1.0,0.0,4.0,1440.0,1260.0,46,46,SW
750000.0,4.0,3.25,2050.0,2.0,0.0,4.0,1370.0,680.0,27,27,E
352750.0,2.0,1.75,1060.0,2.0,0.0,3.0,960.0,100.0,6,6,S
403950.0,2.0,1.0,710.0,2.0,0.0,4.0,710.0,0.0,71,71,E
980000.0,4.0,2.5,2730.0,1.5,0.0,5.0,2230.0,500.0,105,26,W
212500.0,2.0,2.0,1030.0,1.0,0.0,4.0,1030.0,0.0,76,76,S
428000.0,3.0,2.0,1310.0,1.0,0.0,3.0,780.0,530.0,28,28,N
559000.0,3.0,1.5,2070.0,1.0,0.0,4.0,1140.0,930.0,66,66,NW
620000.0,3.0,2.5,2590.0,2.0,0.0,3.0,2590.0,0.0,10,11,NE
240000.0,4.0,1.0,1910.0,1.5,0.0,3.0,1910.0,0.0,80,36,SW
489000.0,3.0,3.5,1500.0,2.0,0.0,3.0,1240.0,260.0,10,11,NW
398000.0,3.0,2.5,1720.0,2.0,0.0,3.0,1240.0,480.0,10,11,SW
345000.0,2.0,1.5,1340.0,2.0,0.0,3.0,1120.0,220.0,6,6,S
365000.0,3.0,2.5,1800.0,2.0,0.0,3.0,1800.0,0.0,3,3,SW
315000.0,3.0,2.5,1480.0,2.0,0.0,3.0,1150.0,330.0,4,4,SW
571000.0,4.0,2.0,2750.0,1.5,0.0,5.0,2250.0,500.0,98,98,NE
420000.0,2.0,1.0,860.0,1.0,0.0,4.0,860.0,0.0,98,98,NW
700000.0,3.0,2.0,2080.0,1.0,0.0,5.0,1160.0,920.0,60,60,NW
800000.0,3.0,2.25,1620.0,2.0,0.0,4.0,1620.0,0.0,88,21,W
440000.0,3.0,1.5,1290.0,3.0,0.0,3.0,1290.0,0.0,14,14,N
417500.0,4.0,1.0,1390.0,1.5,0.0,4.0,1390.0,0.0,73,16,NW
1240000.0,5.0,3.0,2830.0,2.0,0.0,3.0,2460.0,370.0,91,16,NE
480000.0,4.0,1.75,2320.0,1.0,0.0,3.0,1140.0,1180.0,104,8,S
659500.0,3.0,1.75,1820.0,1.0,0.0,4.0,1620.0,200.0,57,13,NE
315000.0,2.0,1.0,1740.0,1.0,0.0,4.0,950.0,790.0,90,90,S
268000.0,2.0,1.0,1380.0,1.0,0.0,3.0,870.0,510.0,71,12,S
499000.0,2.0,1.0,1220.0,1.0,0.0,3.0,920.0,300.0,88,11,NW
1070000.0,3.0,3.0,2940.0,2.0,0.0,4.0,2230.0,710.0,26,26,NE
429000.0,3.0,3.25,1410.0,3.0,0.0,3.0,1410.0,0.0,9,9,N
403000.0,2.0,1.0,1100.0,1.0,0.0,4.0,1100.0,0.0,88,21,S
516200.0,3.0,2.0,2110.0,1.0,0.0,5.0,1080.0,1030.0,95,80,S
870000.0,4.0,2.5,3340.0,2.0,1.0,3.0,2470.0,870.0,16,8,SW
429950.0,3.0,1.5,2010.0,1.0,0.0,3.0,1570.0,440.0,63,20,NE
310000.0,3.0,2.5,1780.0,1.0,0.0,3.0,1230.0,550.0,24,5,SW
555000.0,3.0,2.0,2180.0,1.5,2.0,4.0,1680.0,500.0,84,84,SW
433000.0,3.0,1.75,1870.0,1.0,0.0,3.0,1270.0,600.0,55,25,S
566000.0,4.0,1.75,2440.0,1.0,0.0,3.0,1340.0,1100.0,60,9,NW
700000.0,5.0,2.75,3100.0,2.0,2.0,4.0,3100.0,0.0,64,32,NE
749000.0,3.0,1.0,1580.0,1.5,0.0,3.0,1580.0,0.0,88,11,NW
680000.0,3.0,1.75,1760.0,1.0,0.0,4.0,1460.0,300.0,54,13,SW
1059500.0,5.0,3.25,3230.0,2.0,0.0,3.0,2480.0,750.0,0,0,NW
499950.0,2.0,2.25,1060.0,2.0,0.0,3.0,940.0,120.0,9,9,E
399950.0,2.0,1.0,710.0,2.0,0.0,4.0,710.0,0.0,71,71,E
850830.0,3.0,2.5,2070.0,1.5,0.0,5.0,1270.0,800.0,104,104,E
588000.0,4.0,2.0,1680.0,1.0,0.0,3.0,980.0,700.0,64,9,NE
665000.0,6.0,3.0,4250.0,2.5,0.0,4.0,3020.0,1230.0,112,112,S
527000.0,2.0,1.75,1640.0,1.0,0.0,3.0,840.0,800.0,93,14,NE
487028.0,2.0,1.5,1295.0,2.0,0.0,3.0,1105.0,190.0,7,7,E
799000.0,3.0,1.5,2210.0,1.5,0.0,5.0,2210.0,0.0,98,98,S
262500.0,3.0,1.5,1160.0,1.0,0.0,3.0,1160.0,0.0,52,11,S
220000.0,3.0,1.0,1050.0,1.0,0.0,3.0,1050.0,0.0,72,15,SW
650000.0,2.0,1.0,1030.0,1.0,0.0,5.0,1030.0,0.0,86,44,SW
435000.0,3.0,2.5,1420.0,3.0,0.0,3.0,1420.0,0.0,10,11,N
295000.0,5.0,3.5,2100.0,2.0,0.0,3.0,1410.0,690.0,15,15,S
1085000.0,5.0,2.5,2340.0,2.0,0.0,4.0,2340.0,0.0,92,92,S
371000.0,3.0,1.0,890.0,1.0,0.0,3.0,890.0,0.0,63,20,NE
514000.0,3.0,1.75,1720.0,1.0,1.0,3.0,1220.0,500.0,28,28,SW
386000.0,3.0,1.5,1270.0,2.0,0.0,3.0,1080.0,190.0,10,11,W
740000.0,4.0,2.75,2490.0,2.0,2.0,3.0,1490.0,1000.0,35,0,NE
465000.0,4.0,1.75,1470.0,1.0,0.0,3.0,980.0,490.0,59,9,NE
700000.0,3.0,2.75,2500.0,1.0,0.0,5.0,1390.0,1110.0,66,29,NW
350000.0,3.0,3.25,1460.0,2.0,0.0,3.0,1130.0,330.0,8,8,SW
148000.0,1.0,1.0,620.0,1.0,0.0,3.0,620.0,0.0,75,45,SW
530000.0,3.0,1.75,1550.0,1.0,0.0,3.0,1050.0,500.0,87,3,NW
349000.0,3.0,2.5,1430.0,3.0,0.0,3.0,1430.0,0.0,12,12,N
735000.0,4.0,1.75,2460.0,1.5,0.0,5.0,1450.0,1010.0,105,26,NE
476000.0,3.0,1.0,1140.0,1.5,0.0,4.0,1140.0,0.0,106,106,W
110000.0,2.0,1.0,800.0,1.0,0.0,3.0,800.0,0.0,87,3,S
317000.0,3.0,1.0,1160.0,1.0,0.0,3.0,1160.0,0.0,62,6,NE
460000.0,3.0,2.0,2060.0,1.0,0.0,3.0,1030.0,1030.0,85,85,SW
405000.0,3.0,2.0,1640.0,1.0,0.0,3.0,1640.0,0.0,66,20,NE
333000.0,2.0,1.0,720.0,1.0,0.0,3.0,720.0,0.0,72,15,NW
547500.0,3.0,3.5,1650.0,3.0,0.0,3.0,1650.0,0.0,4,4,N
399950.0,2.0,1.0,710.0,2.0,0.0,4.0,710.0,0.0,71,71,E
250000.0,2.0,1.5,982.0,2.0,0.0,3.0,806.0,176.0,8,8,N
545000.0,2.0,1.25,1240.0,2.0,0.0,3.0,1240.0,0.0,0,0,NW
315000.0,2.0,1.0,970.0,1.0,0.0,4.0,970.0,0.0,106,106,S
678500.0,3.0,2.0,2460.0,1.0,2.0,4.0,1370.0,1090.0,62,62,SW
580000.0,5.0,2.0,2060.0,2.0,0.0,3.0,2060.0,0.0,111,9,NE
445000.0,3.0,1.0,1050.0,1.0,0.0,4.0,910.0,140.0,67,26,NE
585000.0,3.0,2.5,1910.0,2.5,0.0,3.0,1530.0,380.0,7,7,W
480000.0,3.0,2.5,1250.0,3.0,2.0,3.0,1250.0,0.0,9,9,N
575000.0,2.0,1.0,1510.0,1.5,0.0,3.0,1310.0,200.0,79,40,W
350000.0,4.0,2.25,2300.0,1.5,0.0,4.0,1340.0,960.0,110,110,S
599000.0,5.0,2.75,2820.0,1.0,0.0,3.0,1450.0,1370.0,47,3,NW
1184000.0,4.0,2.5,3200.0,1.5,1.0,5.0,1860.0,1340.0,66,29,NE
545000.0,3.0,1.0,1510.0,1.5,0.0,3.0,1510.0,0.0,105,10,NE
440000.0,3.0,1.0,1210.0,1.5,0.0,4.0,1210.0,0.0,104,104,SW
445000.0,5.0,1.75,2460.0,1.5,0.0,5.0,1340.0,1120.0,103,30,S
397990.0,3.0,1.0,1180.0,1.0,0.0,4.0,1180.0,0.0,66,66,NW
706000.0,3.0,2.75,1900.0,1.0,0.0,5.0,1410.0,490.0,72,72,NE
363000.0,3.0,3.25,1651.0,2.0,0.0,3.0,1341.0,310.0,6,6,N
620000.0,2.0,1.0,1430.0,1.5,0.0,3.0,1300.0,130.0,85,85,E
448000.0,2.0,1.5,1630.0,1.0,0.0,4.0,890.0,740.0,74,13,NW
310000.0,5.0,3.0,1880.0,1.0,0.0,3.0,1100.0,780.0,17,17,SW
495000.0,4.0,2.5,2140.0,2.0,0.0,3.0,2140.0,0.0,11,11,N
440000.0,3.0,1.0,1710.0,1.5,0.0,4.0,1200.0,510.0,88,21,N
280000.0,1.0,0.75,420.0,1.0,0.0,3.0,420.0,0.0,92,6,S
656500.0,4.0,2.0,2710.0,1.0,0.0,4.0,1460.0,1250.0,95,29,NE
660000.0,3.0,3.0,2340.0,2.0,0.0,5.0,2160.0,180.0,89,89,N
560000.0,4.0,1.75,1880.0,1.5,0.0,4.0,1090.0,790.0,70,70,NW
594000.0,4.0,1.75,1870.0,2.0,0.0,4.0,1200.0,670.0,77,77,NE
430000.0,4.0,1.75,1890.0,1.0,0.0,4.0,1110.0,780.0,67,26,NE
312500.0,2.0,1.5,1070.0,2.0,0.0,3.0,1070.0,0.0,15,15,N
300000.0,3.0,3.25,1470.0,2.0,0.0,3.0,1180.0,290.0,6,6,S
822500.0,5.0,3.5,2320.0,2.0,0.0,5.0,1720.0,600.0,88,88,N
1125000.0,6.0,3.75,3010.0,2.0,0.0,3.0,2000.0,1010.0,0,0,N
285000.0,3.0,1.75,1840.0,1.0,0.0,3.0,920.0,920.0,109,0,S
370000.0,2.0,1.0,900.0,1.0,0.0,3.0,900.0,0.0,63,20,NW
1030000.0,4.0,2.5,2750.0,2.0,0.0,3.0,1960.0,790.0,109,9,N
775000.0,4.0,2.0,3140.0,1.0,1.0,3.0,1940.0,1200.0,75,45,W
1335000.0,5.0,2.25,4200.0,2.5,0.0,4.0,2910.0,1290.0,108,24,E
499950.0,3.0,1.0,1830.0,1.5,0.0,3.0,1430.0,400.0,88,11,N
153000.0,3.0,1.0,1270.0,1.5,0.0,3.0,1270.0,0.0,70,70,S
585000.0,3.0,1.0,1870.0,1.5,0.0,4.0,1580.0,290.0,87,87,NW
369500.0,3.0,1.5,1650.0,1.0,0.0,4.0,1100.0,550.0,53,13,NE
305000.0,3.0,1.5,1210.0,1.0,0.0,4.0,610.0,600.0,31,31,SW
215000.0,2.0,1.0,710.0,1.0,0.0,3.0,710.0,0.0,71,12,S
910000.0,5.0,2.5,2350.0,2.0,0.0,3.0,2350.0,0.0,21,21,E
513000.0,4.0,2.75,2020.0,1.0,0.0,5.0,1010.0,1010.0,56,56,SW
385000.0,3.0,2.25,1920.0,1.0,0.0,4.0,1060.0,860.0,93,93,N
330000.0,3.0,2.5,1070.0,2.0,0.0,3.0,720.0,350.0,9,9,SW
799000.0,3.0,2.5,2860.0,2.0,0.0,3.0,2860.0,0.0,14,14,W
589000.0,3.0,2.0,2250.0,1.0,0.0,4.0,1250.0,1000.0,89,46,SW
538000.0,3.0,1.0,1460.0,1.0,0.0,3.0,1260.0,200.0,108,0,N
530100.0,3.0,1.0,1540.0,1.5,0.0,3.0,1200.0,340.0,88,11,NW
718500.0,3.0,2.0,2910.0,2.0,0.0,4.0,1920.0,990.0,114,26,S
556000.0,3.0,1.75,1640.0,1.0,0.0,3.0,1090.0,550.0,66,20,SW
575000.0,3.0,3.0,1384.0,2.0,0.0,3.0,1144.0,240.0,8,8,E
530000.0,3.0,2.5,1930.0,2.0,0.0,3.0,1930.0,0.0,9,9,NE
496752.0,2.0,1.0,1980.0,1.0,0.0,4.0,1090.0,890.0,91,91,S
330000.0,3.0,1.75,1430.0,1.0,0.0,3.0,1430.0,0.0,64,9,NE
520500.0,3.0,2.0,1900.0,1.0,0.0,4.0,950.0,950.0,74,13,NE
460000.0,3.0,1.75,1550.0,1.0,0.0,4.0,860.0,690.0,65,29,NE
763101.0,3.0,1.75,1990.0,1.0,0.0,4.0,1100.0,890.0,75,25,NE
460000.0,2.0,1.5,1090.0,1.0,0.0,3.0,970.0,120.0,63,20,SW
825000.0,4.0,1.5,1890.0,1.5,0.0,3.0,1890.0,0.0,95,13,SW
418000.0,4.0,3.0,2360.0,1.0,2.0,3.0,1460.0,900.0,54,2,S
690000.0,2.0,1.75,1600.0,1.0,0.0,5.0,850.0,750.0,96,96,E
300000.0,5.0,3.0,1940.0,1.0,0.0,3.0,1200.0,740.0,7,7,S
385000.0,4.0,1.75,1690.0,1.0,0.0,4.0,870.0,820.0,30,30,S
415000.0,4.0,2.0,1800.0,1.0,0.0,4.0,1000.0,800.0,91,91,NE
235000.0,2.0,1.5,880.0,2.0,0.0,3.0,880.0,0.0,15,15,N
667000.0,3.0,1.5,1720.0,2.0,0.0,3.0,1720.0,0.0,107,31,NW
332000.0,1.0,1.0,960.0,1.0,0.0,3.0,760.0,200.0,106,26,E
1095000.0,4.0,4.0,3530.0,2.0,0.0,5.0,2630.0,900.0,56,56,W
277000.0,3.0,1.0,1100.0,1.0,0.0,4.0,1100.0,0.0,57,13,S
470000.0,3.0,1.5,1760.0,1.0,0.0,3.0,1160.0,600.0,56,10,S
460000.0,2.0,1.0,890.0,1.0,0.0,4.0,760.0,130.0,95,29,NW
552000.0,3.0,1.0,1120.0,1.0,0.0,4.0,820.0,300.0,102,25,NW
373000.0,3.0,1.0,1770.0,1.5,0.0,4.0,1140.0,630.0,88,21,SW
245000.0,2.0,1.0,1200.0,1.0,0.0,3.0,980.0,220.0,71,12,SW
450000.0,6.0,2.25,3550.0,1.0,0.0,4.0,2960.0,590.0,66,66,NE
650000.0,4.0,2.75,2610.0,3.0,0.0,5.0,1910.0,700.0,104,104,N
378000.0,5.0,2.5,2760.0,1.0,0.0,4.0,1600.0,1160.0,54,13,NE
340000.0,3.0,2.5,1212.0,3.0,0.0,3.0,1212.0,0.0,10,11,NE
335000.0,3.0,1.5,2040.0,1.0,0.0,3.0,1340.0,700.0,57,14,S
523950.0,3.0,2.25,1420.0,3.0,0.0,3.0,1420.0,0.0,8,8,N
320000.0,3.0,2.25,1200.0,3.0,0.0,3.0,1200.0,0.0,9,9,NW
468500.0,3.0,2.5,1350.0,2.0,0.0,3.0,1120.0,230.0,7,7,NW
685000.0,4.0,3.5,2840.0,3.0,0.0,3.0,2840.0,0.0,6,6,NE
435000.0,3.0,2.0,1980.0,3.0,0.0,3.0,1980.0,0.0,7,7,SW
210000.0,1.0,1.0,930.0,1.0,0.0,3.0,930.0,0.0,66,20,N
560000.0,5.0,1.0,1710.0,1.5,0.0,4.0,1320.0,390.0,88,21,SW
473000.0,2.0,1.0,900.0,1.0,0.0,4.0,900.0,0.0,105,25,NW
475000.0,3.0,2.25,2280.0,1.0,1.0,4.0,1150.0,1130.0,29,29,SW
458000.0,4.0,1.5,1550.0,1.5,0.0,3.0,1350.0,200.0,96,96,NE
547000.0,4.0,1.0,1720.0,1.5,0.0,4.0,1200.0,520.0,88,21,NE
379900.0,5.0,3.5,2800.0,2.0,0.0,3.0,2800.0,0.0,19,19,SW
342000.0,2.0,1.0,740.0,1.0,0.0,3.0,740.0,0.0,66,20,S
640000.0,3.0,2.0,1380.0,1.0,0.0,3.0,1380.0,0.0,66,20,W
1010000.0,3.0,3.25,2420.0,2.0,2.0,3.0,1840.0,580.0,8,8,N
1008000.0,4.0,3.5,2650.0,2.0,0.0,3.0,2060.0,590.0,13,13,N
320000.0,3.0,1.0,860.0,1.5,0.0,3.0,860.0,0.0,87,3,N
479000.0,2.0,2.25,1230.0,2.0,0.0,3.0,1020.0,210.0,10,11,E
472000.0,3.0,2.5,1180.0,3.0,0.0,3.0,1180.0,0.0,4,4,W
560000.0,3.0,2.0,2340.0,1.0,1.0,5.0,1170.0,1170.0,43,43,S
549000.0,2.0,2.5,1380.0,3.0,0.0,3.0,1380.0,0.0,8,8,N
729000.0,3.0,1.0,1580.0,2.0,0.0,3.0,1580.0,0.0,106,26,E
465000.0,2.0,2.75,1430.0,2.0,0.0,3.0,995.0,435.0,8,8,E
667500.0,3.0,2.0,1880.0,1.0,0.0,5.0,1030.0,850.0,87,87,NE
310000.0,4.0,2.0,1870.0,1.5,0.0,3.0,1870.0,0.0,58,13,NE
435000.0,2.0,1.0,1230.0,1.0,0.0,3.0,1230.0,0.0,86,60,NE
253000.0,3.0,1.5,880.0,1.0,0.0,5.0,880.0,0.0,69,69,S
554000.0,4.0,1.0,1120.0,1.5,0.0,3.0,1120.0,0.0,68,68,NW
1185001.0,3.0,2.75,2500.0,2.0,0.0,5.0,2500.0,0.0,109,109,E
430000.0,3.0,1.0,980.0,1.0,0.0,4.0,980.0,0.0,64,31,SW
936000.0,3.0,1.75,2960.0,1.0,2.0,4.0,1480.0,1480.0,62,62,SW
350000.0,2.0,2.5,1260.0,3.0,0.0,3.0,1260.0,0.0,9,9,N
435000.0,3.0,2.25,1230.0,2.0,0.0,3.0,1080.0,150.0,5,5,W
475000.0,3.0,1.75,1700.0,1.0,0.0,3.0,1230.0,470.0,37,10,NE
555000.0,3.0,1.75,2040.0,1.0,0.0,5.0,1120.0,920.0,56,56,SW
384400.0,3.0,3.25,1689.0,3.0,0.0,3.0,1689.0,0.0,6,6,NE
646000.0,5.0,2.75,2870.0,1.0,0.0,3.0,1650.0,1220.0,38,38,NW
415000.0,3.0,1.75,1270.0,1.0,0.0,3.0,1270.0,0.0,62,0,SW
545500.0,3.0,2.5,1560.0,1.5,0.0,4.0,1360.0,200.0,78,78,S
450000.0,3.0,1.75,1180.0,1.0,0.0,4.0,760.0,420.0,86,86,NW
650000.0,5.0,1.75,1260.0,1.5,0.0,3.0,1260.0,0.0,88,11,W
343566.0,2.0,1.0,1100.0,1.0,0.0,3.0,1100.0,0.0,60,9,SW
190000.0,1.0,1.0,720.0,1.0,0.0,3.0,720.0,0.0,100,18,S
175000.0,2.0,1.0,660.0,1.0,0.0,3.0,660.0,0.0,99,99,SW
175000.0,6.0,1.0,1370.0,1.5,0.0,3.0,1120.0,250.0,83,83,SW
559000.0,2.0,1.0,1240.0,1.0,1.0,4.0,1060.0,180.0,76,76,SW
240000.0,2.0,1.0,670.0,1.0,0.0,3.0,670.0,0.0,72,15,SW
300000.0,3.0,2.5,1700.0,2.0,0.0,3.0,1700.0,0.0,14,14,S
400000.0,3.0,1.75,1050.0,1.5,0.0,4.0,950.0,100.0,86,86,SW
855000.0,4.0,2.25,2190.0,2.0,0.0,3.0,1800.0,390.0,96,96,W
465000.0,3.0,1.75,1510.0,1.0,2.0,3.0,860.0,650.0,89,3,SW
515000.0,3.0,3.5,1360.0,2.0,0.0,3.0,1040.0,320.0,7,7,NW
309000.0,3.0,2.25,1490.0,2.0,0.0,3.0,1220.0,270.0,4,4,SW
485000.0,2.0,2.5,1430.0,3.0,0.0,3.0,1410.0,20.0,6,6,N
482000.0,3.0,3.25,1380.0,3.0,0.0,3.0,1380.0,0.0,6,6,N
690000.0,3.0,3.25,1540.0,3.0,0.0,3.0,1540.0,0.0,1,91,N
576000.0,3.0,2.5,1940.0,1.0,0.0,4.0,970.0,970.0,66,66,NW
378750.0,3.0,2.5,2160.0,1.5,0.0,3.0,1260.0,900.0,105,3,S
405000.0,2.0,1.0,1260.0,1.0,0.0,4.0,1260.0,0.0,67,26,N
703000.0,3.0,2.0,1360.0,1.5,0.0,3.0,1360.0,0.0,69,6,SW
945000.0,2.0,2.5,2540.0,2.0,0.0,3.0,2540.0,0.0,10,11,SW
1325000.0,4.0,2.5,2440.0,2.5,0.0,4.0,2440.0,0.0,112,112,W
799000.0,4.0,2.5,2590.0,2.0,0.0,3.0,2590.0,0.0,13,13,NE
590300.0,3.0,1.5,1470.0,2.0,0.0,4.0,1470.0,0.0,107,107,S
506000.0,2.0,1.0,1570.0,1.0,0.0,4.0,1150.0,420.0,62,62,NW
285000.0,3.0,1.0,1210.0,1.5,0.0,3.0,1210.0,0.0,113,113,NW
311000.0,3.0,1.75,1900.0,1.5,0.0,5.0,1070.0,830.0,111,111,S
435000.0,3.0,1.75,1310.0,1.0,0.0,4.0,1310.0,0.0,66,66,NW
1440000.0,3.0,3.5,3870.0,2.0,0.0,3.0,2760.0,1110.0,12,12,E
756000.0,4.0,2.25,2160.0,1.0,0.0,5.0,1080.0,1080.0,67,67,W
248000.0,4.0,2.0,2080.0,1.0,0.0,3.0,1040.0,1040.0,64,9,S
399888.0,4.0,2.25,1820.0,1.5,0.0,4.0,1320.0,500.0,84,84,N
899000.0,4.0,2.25,2370.0,1.0,2.0,3.0,1440.0,930.0,55,25,NW
680000.0,6.0,2.0,1670.0,1.0,0.0,5.0,900.0,770.0,103,30,NE
549000.0,4.0,1.75,1290.0,2.0,0.0,4.0,1290.0,0.0,108,24,N
618250.0,4.0,3.25,2520.0,1.5,0.0,4.0,1550.0,970.0,83,83,NE
499000.0,3.0,1.75,1840.0,1.0,0.0,4.0,920.0,920.0,104,104,NW
507000.0,3.0,2.5,2120.0,2.0,0.0,3.0,2120.0,0.0,11,11,N
646000.0,4.0,2.5,2310.0,2.0,0.0,3.0,2310.0,0.0,6,6,NW
475000.0,3.0,2.5,950.0,2.0,0.0,3.0,950.0,0.0,11,11,E
319950.0,2.0,1.0,920.0,1.0,0.0,3.0,920.0,0.0,75,45,SW
543000.0,3.0,2.25,1240.0,3.0,0.0,3.0,1240.0,0.0,6,6,N
607500.0,3.0,3.25,1530.0,3.0,0.0,3.0,1530.0,0.0,8,8,NW
395000.0,3.0,1.0,1500.0,1.0,0.0,3.0,900.0,600.0,89,12,NW
600000.0,2.0,1.0,1040.0,1.0,0.0,4.0,1040.0,0.0,95,34,E
450000.0,3.0,2.0,1430.0,1.0,0.0,3.0,980.0,450.0,67,2,N
480000.0,4.0,1.0,2080.0,1.0,0.0,3.0,1040.0,1040.0,73,20,NW
850000.0,3.0,2.25,2870.0,2.0,0.0,3.0,2250.0,620.0,19,19,SW
380000.0,3.0,1.5,1520.0,1.0,0.0,3.0,1020.0,500.0,65,16,SW
359950.0,3.0,2.25,1940.0,1.0,0.0,4.0,1100.0,840.0,33,33,S
665900.0,4.0,2.25,2870.0,2.0,1.0,4.0,2220.0,650.0,88,21,SW
547000.0,5.0,2.5,2200.0,1.5,0.0,5.0,1420.0,780.0,98,98,N
640000.0,2.0,1.75,1760.0,1.0,0.0,4.0,880.0,880.0,84,84,N
587206.0,3.0,3.5,1890.0,2.0,0.0,3.0,1640.0,250.0,15,15,N
511500.0,4.0,1.0,1360.0,1.5,0.0,3.0,1360.0,0.0,97,5,NE
412000.0,2.0,1.0,1260.0,1.0,0.0,3.0,690.0,570.0,89,12,NW
400000.0,3.0,1.0,1430.0,1.5,0.0,4.0,1430.0,0.0,64,31,N
250000.0,1.0,1.0,800.0,1.0,0.0,2.0,680.0,120.0,83,83,S
1300000.0,5.0,4.0,3366.0,2.5,2.0,3.0,2966.0,400.0,77,15,W
355000.0,4.0,2.5,2040.0,2.0,0.0,3.0,2040.0,0.0,18,18,SW
915000.0,3.0,3.25,2660.0,2.0,0.0,3.0,2170.0,490.0,11,11,E
390000.0,3.0,1.0,1160.0,1.5,0.0,3.0,1160.0,0.0,104,8,SW
482500.0,4.0,3.0,1630.0,1.0,0.0,5.0,1110.0,520.0,24,24,NE
525000.0,3.0,2.25,1750.0,3.0,0.0,3.0,1750.0,0.0,13,13,NW
725000.0,6.0,1.75,2380.0,2.0,0.0,3.0,2380.0,0.0,97,5,NE
780000.0,3.0,2.25,2140.0,2.0,0.0,3.0,2140.0,0.0,109,8,N
325000.0,2.0,1.0,840.0,1.0,0.0,3.0,840.0,0.0,66,20,SW
489000.0,4.0,2.0,2120.0,1.0,0.0,4.0,1060.0,1060.0,74,13,NE
625000.0,3.0,2.5,2440.0,2.0,0.0,3.0,2440.0,0.0,0,0,SW
375000.0,2.0,1.0,1230.0,2.0,0.0,4.0,830.0,400.0,66,66,NW
849000.0,4.0,2.0,2160.0,1.5,1.0,4.0,2160.0,0.0,86,86,SW
442900.0,4.0,1.75,1780.0,1.0,0.0,4.0,890.0,890.0,71,71,W
750000.0,3.0,1.75,2610.0,1.5,0.0,3.0,1680.0,930.0,80,36,NW
565000.0,2.0,1.75,1330.0,1.0,0.0,4.0,960.0,370.0,100,69,W
802000.0,3.0,1.75,2870.0,1.5,0.0,4.0,1840.0,1030.0,107,107,S
577000.0,3.0,2.5,2060.0,1.0,0.0,3.0,1330.0,730.0,38,38,SW
690000.0,2.0,1.0,970.0,1.0,0.0,4.0,970.0,0.0,107,107,N
430000.0,2.0,1.5,950.0,1.0,0.0,4.0,950.0,0.0,65,29,N
775000.0,4.0,2.5,2300.0,2.0,0.0,3.0,2300.0,0.0,15,15,NE
449000.0,4.0,2.5,1850.0,1.0,0.0,3.0,1230.0,620.0,84,1,SW
420000.0,3.0,2.0,1200.0,1.0,0.0,3.0,880.0,320.0,77,15,NE
735000.0,4.0,2.25,2270.0,1.0,0.0,5.0,1340.0,930.0,60,60,W
286000.0,3.0,2.75,1100.0,2.0,0.0,3.0,780.0,320.0,6,6,SW
579000.0,3.0,2.5,1640.0,3.0,0.0,3.0,1640.0,0.0,5,5,E
345100.0,3.0,3.75,1950.0,1.0,0.0,3.0,1360.0,590.0,55,25,S
649950.0,3.0,2.5,1500.0,2.0,0.0,3.0,1200.0,300.0,0,0,W
458500.0,3.0,2.0,1890.0,2.0,0.0,3.0,1430.0,460.0,2,102,SW
500000.0,3.0,1.0,1150.0,2.0,0.0,3.0,1150.0,0.0,103,9,SW
345000.0,3.0,1.0,1140.0,2.0,0.0,4.0,1140.0,0.0,110,110,S
399950.0,3.0,1.75,1560.0,1.0,0.0,4.0,810.0,750.0,74,13,NE
360000.0,4.0,1.5,1720.0,1.0,0.0,3.0,1720.0,0.0,61,61,NE
234000.0,2.0,1.0,870.0,1.0,0.0,3.0,870.0,0.0,74,18,SW
490000.0,3.0,2.25,1470.0,2.0,0.0,3.0,1080.0,390.0,30,30,NW
615000.0,5.0,2.0,2130.0,1.5,0.0,5.0,1270.0,860.0,88,88,SW
396500.0,3.0,1.75,2390.0,1.0,0.0,3.0,1350.0,1040.0,59,9,NE
405000.0,2.0,1.0,860.0,1.0,0.0,4.0,860.0,0.0,113,113,NW
265000.0,3.0,1.0,1620.0,1.5,0.0,3.0,1620.0,0.0,86,60,S
450000.0,4.0,1.75,2160.0,1.0,0.0,4.0,1260.0,900.0,72,32,NW
471001.0,3.0,1.75,1800.0,1.0,0.0,5.0,900.0,900.0,109,109,N
385000.0,3.0,3.25,1630.0,3.0,0.0,3.0,1630.0,0.0,7,7,N
335000.0,1.0,1.0,720.0,1.0,0.0,3.0,720.0,0.0,107,31,NW
1220000.0,4.0,3.75,3520.0,1.5,0.0,5.0,2200.0,1320.0,101,101,N
750000.0,3.0,2.0,1820.0,1.5,0.0,4.0,1720.0,100.0,73,16,SW
569000.0,4.0,2.0,1730.0,1.0,0.0,5.0,1060.0,670.0,90,58,N
800000.0,4.0,3.0,3520.0,1.0,0.0,3.0,1980.0,1540.0,60,9,NW
660000.0,3.0,3.25,1980.0,3.0,0.0,3.0,1980.0,0.0,27,14,N
403500.0,3.0,1.0,1830.0,1.0,0.0,3.0,1200.0,630.0,54,2,NE
405000.0,3.0,2.25,1520.0,3.0,0.0,3.0,1520.0,0.0,10,11,N
345000.0,3.0,1.5,1420.0,2.0,0.0,3.0,1140.0,280.0,6,6,S
160797.0,3.0,1.5,1270.0,2.0,0.0,3.0,1270.0,0.0,2,102,S
562500.0,3.0,2.25,1300.0,2.0,0.0,3.0,1000.0,300.0,8,8,E
664950.0,5.0,3.0,3190.0,1.0,2.0,3.0,1890.0,1300.0,1,91,S
515000.0,5.0,3.25,2910.0,2.0,0.0,3.0,2040.0,870.0,1,91,SW
670000.0,3.0,2.5,3310.0,2.0,2.0,3.0,2440.0,870.0,6,6,SW
362500.0,2.0,1.5,940.0,2.0,0.0,3.0,940.0,0.0,5,5,S
402101.0,2.0,0.75,1020.0,2.0,0.0,3.0,1020.0,0.0,5,5,S
438000.0,3.0,1.75,1520.0,1.0,0.0,3.0,790.0,730.0,66,20,NE
687500.0,4.0,1.75,2330.0,1.5,0.0,4.0,1510.0,820.0,85,85,NW
880000.0,4.0,2.5,3030.0,3.0,0.0,3.0,3030.0,0.0,9,9,NW
819000.0,3.0,3.5,2130.0,2.0,2.0,5.0,1530.0,600.0,106,106,W
530000.0,2.0,1.5,1580.0,1.0,2.0,3.0,1280.0,300.0,73,20,SW
615000.0,2.0,1.0,1270.0,1.0,0.0,3.0,1090.0,180.0,65,16,NW
660000.0,2.0,2.25,2550.0,2.0,0.0,5.0,1860.0,690.0,112,112,NE
665000.0,6.0,2.75,2840.0,1.0,0.0,5.0,1420.0,1420.0,53,53,S
1157400.0,3.0,2.5,2740.0,2.0,2.0,3.0,2740.0,0.0,101,22,E
339000.0,4.0,2.0,2470.0,1.5,0.0,3.0,1970.0,500.0,66,26,SW
615000.0,3.0,1.75,1720.0,1.0,0.0,4.0,960.0,760.0,90,90,S
941000.0,4.0,1.75,2320.0,1.5,0.0,5.0,1820.0,500.0,88,88,NE
485000.0,3.0,2.5,1500.0,1.0,0.0,5.0,900.0,600.0,94,94,SW
339000.0,3.0,1.0,1100.0,1.0,0.0,4.0,720.0,380.0,72,32,SW
455000.0,2.0,1.5,1200.0,2.0,0.0,3.0,1000.0,200.0,1,91,S
510000.0,3.0,2.25,1420.0,3.0,0.0,3.0,1420.0,0.0,8,8,N
230000.0,4.0,1.75,1850.0,1.0,0.0,4.0,1270.0,580.0,70,70,S
300000.0,2.0,1.0,750.0,1.0,0.0,4.0,750.0,0.0,73,16,SW
457500.0,3.0,2.25,1430.0,2.0,0.0,3.0,980.0,450.0,18,18,S
343500.0,4.0,1.75,1760.0,1.0,2.0,4.0,1180.0,580.0,64,31,S
257500.0,2.0,2.0,1180.0,1.0,0.0,3.0,1180.0,0.0,74,18,NE
317000.0,5.0,2.5,2360.0,1.0,0.0,4.0,1180.0,1180.0,52,52,S
970000.0,3.0,2.25,3060.0,1.5,2.0,4.0,1810.0,1250.0,84,84,S
683500.0,3.0,1.5,1820.0,1.5,0.0,3.0,1640.0,180.0,68,68,W
355000.0,2.0,2.25,930.0,2.0,0.0,3.0,630.0,300.0,7,7,S
395000.0,4.0,1.75,1540.0,1.0,0.0,5.0,770.0,770.0,71,71,SW
218000.0,3.0,1.0,880.0,1.0,0.0,4.0,880.0,0.0,69,69,S
350000.0,2.0,1.0,740.0,1.0,0.0,4.0,740.0,0.0,92,92,SW
845000.0,3.0,2.0,2540.0,1.5,0.0,5.0,1840.0,700.0,84,84,NW
850000.0,4.0,3.0,3330.0,1.0,0.0,3.0,1790.0,1540.0,56,10,N
329950.0,2.0,1.0,900.0,1.0,0.0,4.0,900.0,0.0,58,58,SW
425000.0,4.0,1.5,1600.0,1.5,0.0,3.0,1600.0,0.0,68,68,S
210000.0,2.0,1.0,970.0,1.0,0.0,3.0,970.0,0.0,58,13,S
631500.0,2.0,1.0,1130.0,1.0,0.0,4.0,1130.0,0.0,87,87,N
575000.0,3.0,2.25,2400.0,1.5,0.0,4.0,1440.0,960.0,88,21,NW
329445.0,2.0,1.5,830.0,2.0,0.0,3.0,830.0,0.0,9,9,S
395000.0,3.0,2.5,1600.0,2.0,0.0,3.0,1600.0,0.0,7,7,S
890000.0,4.0,1.0,2550.0,2.0,0.0,3.0,2370.0,180.0,109,4,N
352000.0,4.0,1.0,1530.0,1.0,0.0,3.0,980.0,550.0,89,12,SW
800000.0,2.0,1.0,1740.0,1.0,0.0,3.0,1740.0,0.0,59,9,N
381500.0,2.0,1.0,900.0,1.0,0.0,5.0,900.0,0.0,90,58,NE
562100.0,2.0,0.75,1440.0,1.0,0.0,3.0,1200.0,240.0,100,18,NW
308000.0,3.0,1.0,1640.0,1.5,0.0,3.0,1640.0,0.0,72,15,S
750000.0,3.0,1.5,1840.0,1.5,0.0,5.0,1340.0,500.0,99,99,NW
657000.0,4.0,2.5,2180.0,1.5,0.0,4.0,1420.0,760.0,88,21,NW
575000.0,3.0,2.25,1700.0,1.5,0.0,3.0,1100.0,600.0,90,3,NW
690500.0,5.0,2.0,2000.0,1.5,2.0,4.0,1280.0,720.0,106,106,E
500000.0,3.0,1.5,1190.0,1.0,0.0,3.0,970.0,220.0,74,18,NW
870000.0,4.0,2.75,2840.0,1.5,0.0,5.0,1960.0,880.0,102,102,S
275000.0,2.0,1.0,770.0,1.0,0.0,4.0,770.0,0.0,87,87,SW
645000.0,3.0,2.75,1850.0,1.0,2.0,4.0,1850.0,0.0,61,31,NW
315000.0,4.0,2.0,1780.0,1.5,0.0,5.0,930.0,850.0,96,96,S
190000.0,1.0,0.75,930.0,1.0,0.0,3.0,930.0,0.0,73,20,S
310000.0,2.0,1.0,870.0,1.0,0.0,3.0,870.0,0.0,64,7,SW
265950.0,3.0,1.5,1150.0,1.0,0.0,4.0,1150.0,0.0,63,15,S
402000.0,4.0,2.25,2000.0,2.0,0.0,5.0,1650.0,350.0,88,88,NW
305000.0,6.0,2.0,1900.0,1.0,0.0,2.0,1200.0,700.0,50,50,NE
1355000.0,3.0,1.5,2680.0,2.0,2.0,5.0,1880.0,800.0,101,101,N
650000.0,4.0,2.75,1910.0,1.0,0.0,4.0,1420.0,490.0,74,13,NW
270000.0,2.0,1.0,2060.0,1.0,0.0,3.0,1260.0,800.0,52,11,S
435000.0,2.0,1.0,1060.0,1.5,0.0,4.0,1060.0,0.0,71,71,NE
594000.0,3.0,2.25,1270.0,2.0,0.0,3.0,1060.0,210.0,0,0,NE
450000.0,4.0,2.75,2310.0,1.0,2.0,3.0,1330.0,980.0,62,2,S
760000.0,4.0,2.5,2760.0,2.0,0.0,5.0,2230.0,530.0,72,72,NE
346500.0,2.0,1.75,1610.0,1.0,0.0,3.0,1010.0,600.0,73,20,S
1330000.0,3.0,1.5,1940.0,1.5,2.0,3.0,1940.0,0.0,114,9,W
640000.0,3.0,1.75,1620.0,1.0,0.0,5.0,1040.0,580.0,67,67,N
957000.0,5.0,3.25,3160.0,2.0,2.0,3.0,2180.0,980.0,9,9,W
680000.0,4.0,1.5,1880.0,1.0,2.0,5.0,1440.0,440.0,60,60,SW
450000.0,2.0,1.0,1380.0,1.0,0.0,4.0,880.0,500.0,83,83,NE
595888.0,3.0,1.75,1870.0,1.0,0.0,5.0,1870.0,0.0,56,56,NW
346500.0,3.0,1.0,1150.0,1.0,0.0,4.0,1150.0,0.0,82,56,SW
519000.0,4.0,2.5,1950.0,1.5,0.0,4.0,1250.0,700.0,104,104,NW
395000.0,2.0,2.25,1350.0,2.0,0.0,3.0,1050.0,300.0,7,7,SW
364000.0,3.0,2.5,1800.0,2.0,0.0,3.0,1800.0,0.0,3,3,SW
328423.0,3.0,2.5,1730.0,2.0,0.0,3.0,1730.0,0.0,0,0,SW
425000.0,3.0,2.5,2320.0,3.0,0.0,3.0,2320.0,0.0,5,5,NW
975000.0,5.0,3.0,2620.0,2.0,0.0,3.0,2620.0,0.0,5,5,NE
937000.0,3.0,1.75,2450.0,2.0,0.0,3.0,1750.0,700.0,99,99,W
518500.0,3.0,3.5,1590.0,3.0,0.0,3.0,1590.0,0.0,4,4,N
415000.0,3.0,1.0,1170.0,1.0,0.0,3.0,1170.0,0.0,57,14,NE
357250.0,3.0,1.5,1400.0,1.0,0.0,4.0,1400.0,0.0,62,62,NE
725000.0,6.0,3.0,3110.0,1.5,0.0,5.0,1810.0,1300.0,93,93,N
440000.0,4.0,1.5,1770.0,2.0,0.0,3.0,1770.0,0.0,67,2,SW
320000.0,2.0,1.0,950.0,1.0,2.0,3.0,950.0,0.0,66,20,SW
690000.0,5.0,3.5,2720.0,2.0,0.0,3.0,1860.0,860.0,21,21,NE
805000.0,3.0,2.75,2600.0,1.5,2.0,5.0,1600.0,1000.0,85,85,SW
402000.0,2.0,1.0,620.0,1.0,0.0,5.0,620.0,0.0,103,30,NW
270000.0,4.0,2.25,2600.0,1.0,0.0,3.0,1600.0,1000.0,49,21,S
755000.0,4.0,2.75,2880.0,1.5,0.0,3.0,2100.0,780.0,102,14,S
1145000.0,3.0,2.5,2490.0,2.0,0.0,5.0,1670.0,820.0,96,96,N
450000.0,2.0,1.75,840.0,1.0,0.0,3.0,700.0,140.0,102,20,NW
339000.0,2.0,1.0,950.0,1.0,0.0,4.0,950.0,0.0,73,16,S
815000.0,4.0,2.75,2620.0,1.0,2.0,4.0,1310.0,1310.0,65,29,NW
638000.0,3.0,2.0,1660.0,1.0,0.0,5.0,970.0,690.0,92,58,SW
626000.0,3.0,1.75,2430.0,2.0,0.0,4.0,1760.0,670.0,69,69,NW
440000.0,3.0,1.5,2120.0,1.0,0.0,4.0,1220.0,900.0,65,29,S
900000.0,4.0,3.5,3370.0,2.0,2.0,3.0,2470.0,900.0,6,6,SW
471000.0,2.0,1.75,1240.0,1.0,0.0,5.0,1240.0,0.0,90,58,SW
663000.0,3.0,2.0,1480.0,1.0,0.0,5.0,860.0,620.0,86,44,NW
240000.0,4.0,1.0,1200.0,1.5,0.0,3.0,1200.0,0.0,81,81,N
390000.0,3.0,3.25,1370.0,2.0,0.0,3.0,1100.0,270.0,8,8,SW
665000.0,2.0,1.0,1110.0,1.0,0.0,3.0,1110.0,0.0,89,12,W
672500.0,3.0,2.25,2400.0,1.5,0.0,4.0,1250.0,1150.0,75,25,NW
417000.0,4.0,2.25,2300.0,1.0,0.0,3.0,1380.0,920.0,55,25,NE
700000.0,3.0,2.5,1660.0,2.0,2.0,3.0,1400.0,260.0,12,12,N
561500.0,3.0,1.75,1960.0,1.0,0.0,4.0,980.0,980.0,75,25,NE
447000.0,2.0,1.0,1320.0,1.0,0.0,3.0,1320.0,0.0,61,61,NW
212700.0,2.0,1.0,940.0,1.0,0.0,3.0,940.0,0.0,88,11,SW
430000.0,2.0,1.0,1050.0,1.0,0.0,5.0,850.0,200.0,87,87,NW
221000.0,3.0,1.0,910.0,1.0,0.0,3.0,910.0,0.0,48,51,S
500000.0,4.0,1.0,1440.0,1.5,0.0,3.0,1440.0,0.0,108,0,NW
191000.0,2.0,1.0,900.0,1.0,0.0,5.0,900.0,0.0,109,109,S
315000.0,6.0,4.0,3120.0,2.0,2.0,4.0,2090.0,1030.0,21,21,SW
415000.0,3.0,2.5,1060.0,2.0,0.0,3.0,1060.0,0.0,14,14,NW
523460.0,5.0,1.75,1890.0,1.5,0.0,3.0,1090.0,800.0,108,0,NW
710000.0,2.0,1.5,1640.0,1.5,0.0,5.0,1540.0,100.0,98,98,NE
480000.0,2.0,1.0,1500.0,1.0,0.0,3.0,1500.0,0.0,112,112,N
397000.0,5.0,1.0,1170.0,1.0,0.0,4.0,800.0,370.0,70,70,NE
718500.0,3.0,1.5,1200.0,1.0,0.0,3.0,1030.0,170.0,62,6,E
195000.0,2.0,1.0,1020.0,1.0,0.0,3.0,1020.0,0.0,74,18,S
295000.0,1.0,1.0,700.0,1.0,0.0,4.0,700.0,0.0,107,107,SW
504200.0,2.0,1.5,1200.0,3.0,0.0,3.0,1200.0,0.0,6,6,N
589500.0,3.0,3.25,2310.0,2.0,0.0,3.0,1730.0,580.0,9,9,SW
735000.0,3.0,2.25,1490.0,2.0,0.0,3.0,1040.0,450.0,3,3,E
235000.0,1.0,1.5,1170.0,2.0,0.0,3.0,1070.0,100.0,7,7,SW
229800.0,2.0,1.75,1110.0,2.0,0.0,3.0,1110.0,0.0,0,0,S
516500.0,1.0,1.25,1100.0,3.0,0.0,3.0,1100.0,0.0,0,0,E
470000.0,3.0,1.5,1500.0,1.5,0.0,4.0,1140.0,360.0,87,87,NW
585000.0,5.0,2.5,2670.0,1.5,0.0,4.0,1620.0,1050.0,94,94,NE
475000.0,3.0,2.5,1700.0,1.0,0.0,3.0,1160.0,540.0,16,8,SW
397000.0,3.0,3.5,1360.0,2.0,0.0,3.0,1240.0,120.0,7,7,S
325000.0,5.0,2.75,2130.0,1.0,0.0,3.0,1300.0,830.0,23,23,S
1200000.0,4.0,2.0,2120.0,2.0,0.0,3.0,2120.0,0.0,109,4,E
410000.0,1.0,1.5,1010.0,1.0,0.0,3.0,1010.0,0.0,103,66,SW
1165000.0,3.0,3.0,3790.0,2.0,0.0,3.0,2810.0,980.0,25,25,E
669500.0,4.0,2.25,2500.0,1.5,0.0,4.0,1520.0,980.0,74,13,NW
491950.0,3.0,2.25,2090.0,1.0,0.0,3.0,1440.0,650.0,56,10,NE
535000.0,3.0,1.0,1580.0,1.0,0.0,3.0,1180.0,400.0,89,12,W
490000.0,4.0,3.0,2330.0,2.0,0.0,3.0,1920.0,410.0,11,11,S
345000.0,2.0,1.0,970.0,1.0,0.0,4.0,970.0,0.0,82,56,SW
441000.0,2.0,1.5,1190.0,1.0,0.0,3.0,990.0,200.0,95,13,NE
406500.0,2.0,1.0,870.0,1.0,0.0,4.0,870.0,0.0,67,26,SW
408000.0,5.0,3.25,2820.0,1.5,0.0,3.0,2320.0,500.0,108,0,S
875000.0,4.0,1.5,1800.0,1.5,0.0,4.0,1800.0,0.0,85,85,N
308000.0,3.0,1.0,1010.0,1.0,0.0,4.0,1010.0,0.0,60,35,S
880000.0,4.0,2.75,3220.0,1.5,0.0,4.0,2320.0,900.0,83,83,NE
255000.0,2.0,1.0,1320.0,1.0,0.0,3.0,940.0,380.0,95,13,S
850000.0,3.0,2.5,2650.0,2.0,0.0,3.0,1830.0,820.0,94,35,W
265000.0,2.0,2.0,1860.0,1.0,0.0,3.0,1260.0,600.0,62,6,S
972000.0,4.0,1.75,2010.0,1.0,2.0,5.0,1610.0,400.0,77,77,W
544000.0,3.0,2.5,1460.0,2.0,0.0,3.0,1180.0,280.0,7,7,NW
427500.0,2.0,2.0,1090.0,3.0,0.0,3.0,1090.0,0.0,6,6,N
435000.0,4.0,2.0,1880.0,1.0,0.0,3.0,970.0,910.0,110,110,S
765000.0,5.0,3.0,2870.0,1.0,0.0,3.0,1950.0,920.0,50,14,N
457000.0,3.0,2.5,1220.0,2.0,0.0,3.0,1010.0,210.0,6,6,NW
349500.0,3.0,2.0,1270.0,1.0,0.0,3.0,1270.0,0.0,51,6,E
1198000.0,4.0,3.5,3400.0,2.5,0.0,3.0,2790.0,610.0,6,6,E
330000.0,3.0,2.5,1680.0,1.0,0.0,3.0,1080.0,600.0,55,25,SW
500000.0,2.0,1.0,950.0,1.0,2.0,3.0,850.0,100.0,88,11,N
691500.0,4.0,2.5,2600.0,2.0,0.0,3.0,2600.0,0.0,52,12,NE
459500.0,2.0,1.0,1250.0,1.0,0.0,3.0,850.0,400.0,85,85,NW
955500.0,4.0,1.75,2130.0,1.5,0.0,3.0,2130.0,0.0,100,21,W
1297000.0,6.0,2.75,2630.0,2.0,0.0,5.0,2510.0,120.0,114,114,N
616000.0,4.0,1.75,1700.0,1.0,0.0,3.0,1700.0,0.0,57,14,W
345000.0,2.0,1.0,1080.0,1.0,0.0,3.0,1080.0,0.0,59,9,SW
370000.0,2.0,1.0,860.0,1.0,0.0,3.0,860.0,0.0,62,6,SW
1080000.0,3.0,2.75,3890.0,2.0,1.0,3.0,3260.0,630.0,47,4,S
337000.0,3.0,2.25,1460.0,3.0,0.0,3.0,1460.0,0.0,8,8,N
563000.0,4.0,1.0,1410.0,1.5,0.0,5.0,1410.0,0.0,103,30,NW
245000.0,3.0,2.0,1190.0,1.5,0.0,5.0,1190.0,0.0,107,107,S
590000.0,3.0,2.0,1410.0,1.0,0.0,4.0,910.0,500.0,67,26,NE
695000.0,3.0,2.0,2500.0,1.5,0.0,5.0,1680.0,820.0,92,58,N
402500.0,2.0,1.0,800.0,1.0,0.0,5.0,800.0,0.0,68,68,NW
600000.0,5.0,2.25,2980.0,1.0,0.0,3.0,1580.0,1400.0,54,2,NE
1110000.0,5.0,3.25,3350.0,2.0,0.0,4.0,2510.0,840.0,17,17,NE
515000.0,2.0,1.0,1050.0,1.0,0.0,5.0,1050.0,0.0,107,107,NW
102500.0,2.0,1.0,820.0,1.0,0.0,3.0,820.0,0.0,77,15,SW
600000.0,2.0,1.0,910.0,1.5,0.0,3.0,910.0,0.0,114,9,E
406000.0,4.0,1.0,1580.0,1.5,2.0,4.0,1580.0,0.0,86,86,S
620000.0,4.0,3.0,2130.0,1.0,0.0,5.0,1440.0,690.0,66,29,SW
725000.0,3.0,1.75,1860.0,2.0,2.0,4.0,1860.0,0.0,55,55,S
276000.0,1.0,0.75,370.0,1.0,0.0,5.0,370.0,0.0,91,91,NW
433000.0,4.0,1.5,1550.0,1.0,0.0,4.0,1180.0,370.0,51,51,S
952500.0,4.0,1.5,2550.0,2.0,0.0,4.0,2550.0,0.0,104,104,E
476000.0,4.0,3.0,2890.0,1.0,0.0,3.0,1590.0,1300.0,69,1,NE
535000.0,4.0,1.75,1420.0,1.5,0.0,4.0,1420.0,0.0,69,69,NW
460000.0,3.0,2.5,1450.0,2.0,0.0,3.0,940.0,510.0,6,6,NW
525000.0,2.0,2.5,1160.0,2.0,0.0,3.0,1040.0,120.0,2,102,W
512031.0,3.0,1.75,1540.0,1.0,2.0,3.0,770.0,770.0,94,35,NW
310000.0,2.0,1.0,700.0,1.0,0.0,4.0,700.0,0.0,96,40,N
1075000.0,3.0,2.5,3280.0,1.0,0.0,3.0,1680.0,1600.0,44,0,NE
255000.0,4.0,2.0,2430.0,1.0,0.0,3.0,1430.0,1000.0,54,2,S
895000.0,4.0,2.25,1950.0,1.0,0.0,3.0,1330.0,620.0,67,2,N
480000.0,3.0,2.0,1470.0,1.0,0.0,4.0,1470.0,0.0,58,58,NE
185000.0,5.0,1.0,1590.0,1.5,0.0,3.0,1090.0,500.0,72,15,SW
690000.0,3.0,1.5,1760.0,2.0,0.0,3.0,1760.0,0.0,92,6,E
540000.0,3.0,2.25,1320.0,2.0,0.0,3.0,1320.0,0.0,20,20,E
389000.0,4.0,1.75,2400.0,1.5,0.0,4.0,1500.0,900.0,87,87,N
645000.0,3.0,1.75,2270.0,1.0,0.0,4.0,1370.0,900.0,58,58,NW
550000.0,4.0,2.75,2160.0,1.0,0.0,3.0,1430.0,730.0,27,14,NE
782000.0,2.0,1.5,1570.0,1.5,2.0,4.0,1320.0,250.0,108,24,W
545000.0,3.0,2.0,1340.0,1.5,0.0,4.0,1340.0,0.0,91,91,S
723000.0,4.0,2.25,2430.0,1.5,0.0,3.0,1630.0,800.0,86,60,SW
496000.0,2.0,1.0,900.0,1.0,0.0,3.0,900.0,0.0,68,68,NW
625000.0,3.0,3.0,1820.0,3.0,0.0,3.0,1540.0,280.0,8,8,W
475000.0,4.0,2.0,2100.0,1.0,0.0,5.0,1050.0,1050.0,52,52,NE
660500.0,5.0,2.5,2950.0,1.5,0.0,5.0,1720.0,1230.0,96,96,S
262000.0,5.0,1.0,1870.0,1.0,0.0,3.0,1580.0,290.0,52,11,S
736000.0,2.0,1.0,1500.0,1.0,0.0,3.0,1100.0,400.0,81,81,N
1054690.0,4.0,3.5,3390.0,2.0,0.0,3.0,2610.0,780.0,0,0,W
334500.0,2.0,1.5,830.0,2.0,0.0,3.0,830.0,0.0,9,9,S
265050.0,2.0,1.5,800.0,2.0,0.0,3.0,800.0,0.0,6,6,SW
445838.0,3.0,2.5,2250.0,2.0,0.0,3.0,2250.0,0.0,14,14,SW
575000.0,3.0,1.75,1530.0,1.0,0.0,3.0,1410.0,120.0,59,9,SW
850000.0,3.0,2.5,3230.0,2.0,2.0,5.0,2430.0,800.0,69,69,NW
1015000.0,3.0,3.25,3620.0,2.0,0.0,3.0,2730.0,890.0,9,9,W
588000.0,5.0,3.0,2190.0,2.0,0.0,5.0,1490.0,700.0,74,74,NW
529950.0,3.0,1.0,1240.0,1.5,0.0,5.0,1240.0,0.0,105,26,NW
554729.0,4.0,2.5,2020.0,2.0,0.0,5.0,1730.0,290.0,71,71,W
341000.0,3.0,1.0,1390.0,1.5,0.0,3.0,1390.0,0.0,106,26,NE
430000.0,3.0,1.5,1810.0,1.0,0.0,3.0,1030.0,780.0,56,10,NE
220000.0,4.0,1.0,1200.0,1.5,0.0,3.0,1200.0,0.0,91,16,SW
405500.0,2.0,2.75,1350.0,2.0,0.0,3.0,1120.0,230.0,8,8,SW
255000.0,2.0,1.5,920.0,2.0,0.0,3.0,920.0,0.0,19,19,N
370000.0,2.0,1.0,860.0,1.0,0.0,3.0,860.0,0.0,58,13,NW
439990.0,3.0,2.5,1930.0,2.0,0.0,3.0,1300.0,630.0,9,9,W
609000.0,3.0,1.75,1630.0,3.0,0.0,3.0,1630.0,0.0,0,0,N
425000.0,3.0,1.5,1400.0,3.0,0.0,3.0,1400.0,0.0,7,7,NE
1200000.0,4.0,2.5,2700.0,2.0,0.0,3.0,2700.0,0.0,10,11,NE
671000.0,4.0,3.0,3130.0,1.5,0.0,3.0,1750.0,1380.0,61,61,NE
459500.0,3.0,1.75,1470.0,1.0,0.0,3.0,1030.0,440.0,30,30,N
499000.0,3.0,2.5,1540.0,3.0,0.0,3.0,1390.0,150.0,19,19,W
382500.0,2.0,1.0,1190.0,1.0,0.0,3.0,1190.0,0.0,33,1,NE
530000.0,3.0,1.75,1320.0,1.0,0.0,3.0,870.0,450.0,96,96,NE
548800.0,4.0,1.0,1660.0,1.5,0.0,3.0,1260.0,400.0,84,17,NE
588000.0,3.0,2.0,1860.0,2.0,0.0,5.0,1860.0,0.0,106,106,NE
445000.0,2.0,2.0,1240.0,2.0,0.0,3.0,1240.0,0.0,29,29,NW
300000.0,3.0,1.0,930.0,1.5,0.0,5.0,930.0,0.0,95,80,SW
527000.0,6.0,3.5,3000.0,1.0,0.0,3.0,1500.0,1500.0,35,0,NE
335950.0,2.0,1.5,800.0,1.0,0.0,5.0,800.0,0.0,63,63,SW
295000.0,3.0,1.5,1640.0,2.0,0.0,4.0,1640.0,0.0,106,106,S
780000.0,4.0,2.0,2600.0,1.0,2.0,3.0,1400.0,1200.0,61,61,W
437500.0,3.0,2.0,1490.0,2.0,0.0,5.0,1490.0,0.0,66,29,NW
443000.0,5.0,1.75,1650.0,1.5,0.0,3.0,1650.0,0.0,112,112,S
245000.0,2.0,1.0,1500.0,1.0,0.0,3.0,1190.0,310.0,88,11,N
536000.0,2.0,1.5,1130.0,2.0,0.0,3.0,1030.0,100.0,5,5,NW
558000.0,2.0,2.0,1580.0,1.0,0.0,5.0,790.0,790.0,104,104,SW
631500.0,4.0,2.0,2530.0,1.5,0.0,4.0,1910.0,620.0,104,104,SW
500000.0,3.0,2.5,1720.0,2.0,0.0,3.0,1720.0,0.0,3,3,N
378000.0,3.0,2.5,1601.0,3.0,0.0,3.0,1536.0,65.0,7,7,NE
505000.0,2.0,2.25,1060.0,2.0,0.0,3.0,940.0,120.0,8,8,E
510000.0,3.0,2.5,1420.0,3.0,0.0,3.0,1420.0,0.0,0,0,NW
1300000.0,4.0,2.25,2360.0,2.0,0.0,3.0,2360.0,0.0,1,91,E
374000.0,2.0,1.5,1260.0,2.0,0.0,3.0,1260.0,0.0,13,13,S
230000.0,3.0,1.75,1140.0,2.0,0.0,3.0,1140.0,0.0,0,0,S
438000.0,2.0,2.0,1270.0,3.0,0.0,3.0,1270.0,0.0,14,14,NE
315000.0,2.0,1.0,1080.0,1.0,0.0,4.0,720.0,360.0,95,29,S
780000.0,2.0,2.5,2560.0,2.0,0.0,5.0,1690.0,870.0,113,113,E
480000.0,2.0,1.0,1060.0,1.0,0.0,3.0,860.0,200.0,90,3,N
330000.0,3.0,2.25,2220.0,1.0,0.0,3.0,1330.0,890.0,21,21,S
326500.0,3.0,1.0,1060.0,1.0,0.0,4.0,1060.0,0.0,46,46,SW
267000.0,3.0,1.0,1400.0,1.5,0.0,3.0,1400.0,0.0,70,70,NE
362000.0,5.0,3.0,1810.0,2.0,0.0,3.0,1810.0,0.0,16,8,S
371500.0,3.0,1.0,1650.0,1.0,0.0,4.0,980.0,670.0,60,35,SW
368000.0,4.0,1.75,2100.0,1.0,0.0,3.0,1030.0,1070.0,50,14,SW
427550.0,2.0,1.0,880.0,1.0,0.0,3.0,880.0,0.0,74,18,NW
235000.0,2.0,1.0,1020.0,1.0,0.0,3.0,1020.0,0.0,75,45,S
210000.0,3.0,2.0,960.0,1.0,0.0,3.0,960.0,0.0,65,16,SW
485000.0,4.0,2.25,1900.0,1.0,0.0,3.0,1370.0,530.0,37,10,SW
410000.0,3.0,2.0,1320.0,1.5,0.0,4.0,1320.0,0.0,94,94,S
435000.0,4.0,2.75,2230.0,1.0,0.0,3.0,1320.0,910.0,16,8,NE
210000.0,3.0,1.0,1070.0,1.0,0.0,3.0,1070.0,0.0,65,16,SW
1050000.0,4.0,2.75,2250.0,1.5,0.0,3.0,1500.0,750.0,87,1,E
613000.0,2.0,2.0,1170.0,1.5,1.0,4.0,1170.0,0.0,87,87,W
165000.0,1.0,1.0,850.0,1.0,0.0,2.0,850.0,0.0,108,108,S
430000.0,3.0,2.0,1550.0,1.0,0.0,5.0,830.0,720.0,72,72,SW
1195000.0,4.0,3.5,3960.0,2.0,0.0,3.0,2850.0,1110.0,8,8,W
201500.0,3.0,1.0,1320.0,1.5,0.0,3.0,1320.0,0.0,102,20,SW
325000.0,2.0,1.0,800.0,1.0,0.0,3.0,800.0,0.0,61,61,SW
970000.0,5.0,2.75,3500.0,2.0,2.0,3.0,2950.0,550.0,87,7,SW
399500.0,4.0,1.75,1360.0,1.5,0.0,4.0,1360.0,0.0,86,86,SW
1205000.0,4.0,3.5,3150.0,2.0,0.0,3.0,3150.0,0.0,0,0,NE
325000.0,2.0,1.0,810.0,1.0,0.0,4.0,810.0,0.0,73,16,SW
148000.0,2.0,1.0,630.0,1.0,0.0,3.0,630.0,0.0,84,17,SW
405000.0,3.0,1.5,1010.0,1.5,0.0,5.0,1010.0,0.0,61,61,NE
674600.0,4.0,2.5,2610.0,2.0,0.0,3.0,2610.0,0.0,8,8,N
320000.0,3.0,3.25,1450.0,2.0,0.0,3.0,1180.0,270.0,1,91,SW
399950.0,5.0,2.75,1970.0,1.0,0.0,3.0,1320.0,650.0,28,28,S
284000.0,4.0,1.75,1880.0,1.0,0.0,3.0,1130.0,750.0,54,2,S
737500.0,3.0,1.75,2320.0,2.0,0.0,3.0,2320.0,0.0,79,40,NE
569000.0,3.0,3.25,2220.0,1.5,0.0,5.0,1770.0,450.0,85,85,S
700000.0,3.0,1.0,1410.0,2.0,0.0,4.0,1410.0,0.0,113,113,S
660000.0,3.0,1.0,1240.0,1.0,0.0,4.0,1240.0,0.0,87,87,N
226550.0,3.0,1.0,990.0,1.0,0.0,3.0,990.0,0.0,71,12,SW
275000.0,3.0,1.0,1200.0,1.0,0.0,4.0,1200.0,0.0,60,35,SW
679000.0,4.0,2.75,2100.0,1.5,0.0,4.0,1780.0,320.0,86,86,NE
410000.0,3.0,1.75,1660.0,1.0,0.0,3.0,830.0,830.0,34,34,SW
425000.0,2.0,1.0,1320.0,1.0,0.0,3.0,1020.0,300.0,75,45,W
840000.0,3.0,2.0,2783.0,2.0,0.0,3.0,2783.0,0.0,104,15,SW
599950.0,3.0,3.25,1830.0,3.0,0.0,3.0,1830.0,0.0,0,0,NW
299880.0,3.0,2.5,1460.0,2.0,0.0,3.0,1460.0,0.0,14,14,S
680000.0,3.0,2.0,1780.0,1.0,0.0,5.0,980.0,800.0,89,89,N
335500.0,3.0,1.0,1370.0,2.0,0.0,3.0,1370.0,0.0,84,17,NE
321500.0,1.0,1.0,730.0,1.0,0.0,3.0,730.0,0.0,6,6,S
759000.0,4.0,1.75,2100.0,1.0,0.0,3.0,1340.0,760.0,39,39,N
300000.0,4.0,1.75,1820.0,1.0,0.0,4.0,1190.0,630.0,88,21,S
359000.0,3.0,1.5,1550.0,1.0,0.0,3.0,1080.0,470.0,36,36,N
550000.0,4.0,1.0,1440.0,1.5,0.0,4.0,1440.0,0.0,90,90,SW
395000.0,2.0,1.0,930.0,1.0,0.0,4.0,930.0,0.0,74,13,NE
380000.0,2.0,1.0,780.0,1.0,0.0,3.0,780.0,0.0,96,96,SW
625000.0,4.0,1.0,1600.0,1.5,0.0,4.0,1600.0,0.0,68,25,NW
900000.0,4.0,2.5,2230.0,2.0,0.0,5.0,1540.0,690.0,79,79,N
580000.0,3.0,1.75,1850.0,1.0,0.0,3.0,1020.0,830.0,105,10,NE
749000.0,4.0,2.75,2700.0,2.0,0.0,4.0,2100.0,600.0,104,104,SW
595000.0,4.0,3.25,3730.0,2.0,0.0,3.0,2760.0,970.0,1,91,N
487000.0,4.0,2.5,2540.0,2.0,0.0,3.0,2540.0,0.0,9,9,S
374950.0,3.0,2.25,1390.0,3.0,0.0,3.0,1390.0,0.0,7,7,N
440000.0,3.0,1.5,1270.0,3.0,0.0,3.0,1270.0,0.0,7,7,NE
775000.0,6.0,2.75,2980.0,1.5,0.0,3.0,2480.0,500.0,98,28,N
725000.0,2.0,1.75,1950.0,1.0,0.0,5.0,1010.0,940.0,95,80,N
350000.0,4.0,1.0,1170.0,1.5,0.0,3.0,1170.0,0.0,55,25,NE
639000.0,4.0,2.0,1840.0,1.0,0.0,4.0,920.0,920.0,72,32,W
279000.0,2.0,1.0,670.0,1.0,0.0,5.0,670.0,0.0,72,72,SW
880000.0,6.0,2.5,2640.0,2.0,0.0,5.0,1760.0,880.0,92,58,SW
436110.0,3.0,2.5,1770.0,3.0,0.0,3.0,1600.0,170.0,7,7,N
620000.0,3.0,1.5,1620.0,1.0,0.0,3.0,1280.0,340.0,60,9,NW
254000.0,4.0,2.0,1510.0,1.0,0.0,3.0,1510.0,0.0,59,9,S
205425.0,2.0,1.75,880.0,1.0,0.0,4.0,880.0,0.0,69,69,S
505000.0,3.0,2.25,1670.0,2.0,0.0,3.0,1220.0,450.0,12,12,W
670000.0,3.0,2.5,2700.0,2.0,0.0,3.0,1280.0,1420.0,11,11,E
291000.0,3.0,1.75,1560.0,1.0,0.0,3.0,1560.0,0.0,50,14,S
744312.5,4.0,2.5,2800.0,1.0,0.0,3.0,1660.0,1140.0,51,6,NE
439333.333333,3.0,3.5,3020.0,2.0,0.0,3.0,2080.0,940.0,60,10,W
330000.0,3.0,3.0,1680.0,3.0,0.0,3.0,1680.0,0.0,0,0,N
554250.0,3.0,2.5,1490.0,3.0,0.0,3.0,1490.0,0.0,10,11,NE
300000.0,3.0,2.0,1510.0,1.0,2.0,3.0,1230.0,280.0,41,1,NE
274750.0,4.0,2.5,1840.0,2.0,0.0,3.0,1400.0,440.0,10,11,SW
148612.5,3.0,1.0,1040.0,1.0,0.0,3.0,1040.0,0.0,55,25,SW
326428.571429,3.0,1.0,1250.0,1.0,0.0,4.0,1250.0,0.0,63,15,SW
135333.333333,4.0,1.0,1530.0,1.5,0.0,3.0,1400.0,130.0,66,20,S
577437.5,4.0,2.5,2110.0,2.0,0.0,3.0,2110.0,0.0,14,14,NW
440825.0,3.0,1.75,2150.0,1.0,0.0,3.0,1200.0,950.0,58,13,SW
193000.0,3.0,1.5,2200.0,1.5,0.0,3.0,2200.0,0.0,82,82,W
266066.666667,4.0,1.0,1310.0,1.5,0.0,3.0,1160.0,150.0,69,4,SW
450385.714286,3.0,2.0,1300.0,1.0,0.0,3.0,900.0,400.0,21,21,S
308830.769231,2.0,1.0,810.0,1.0,0.0,3.0,810.0,0.0,95,13,S
287919.782609,2.0,1.0,1090.0,1.0,0.0,4.0,730.0,360.0,72,32,SW
247875.0,2.0,1.0,1000.0,1.0,0.0,4.0,1000.0,0.0,72,32,S
173666.666667,4.0,1.0,1290.0,1.5,0.0,3.0,1290.0,0.0,57,14,SW
790000.0,4.0,2.5,2310.0,2.0,0.0,3.0,2310.0,0.0,1,91,NW
678333.333333,3.0,2.5,1840.0,1.0,0.0,3.0,920.0,920.0,88,11,NE
535000.0,4.0,2.25,2290.0,2.0,0.0,4.0,2120.0,170.0,56,42,W
596165.428571,4.0,2.0,2580.0,1.0,0.0,5.0,1300.0,1280.0,64,64,W
148612.5,3.0,1.0,1040.0,2.0,0.0,3.0,1040.0,0.0,72,15,SW
535000.0,4.0,2.25,2980.0,1.5,2.0,4.0,2020.0,960.0,79,79,W
440825.0,3.0,1.75,1980.0,1.0,1.0,5.0,1090.0,890.0,104,104,SW
423050.925926,2.0,1.0,890.0,1.0,0.0,3.0,890.0,0.0,91,16,NW
458663.888889,2.0,1.0,1470.0,1.0,0.0,3.0,1020.0,450.0,73,20,N
135333.333333,4.0,1.0,1200.0,1.5,0.0,3.0,1200.0,0.0,70,70,S
790000.0,4.0,3.25,2420.0,1.5,0.0,5.0,1870.0,550.0,103,30,NE
435500.0,3.0,3.5,1240.0,2.0,0.0,3.0,1000.0,240.0,6,6,SW
738190.857143,3.0,2.5,2300.0,1.5,0.0,3.0,1510.0,790.0,84,12,NE
300000.0,3.0,2.0,2020.0,1.0,0.0,4.0,1220.0,800.0,57,13,NE
1036200.0,4.0,3.25,2500.0,1.5,0.0,3.0,1960.0,540.0,88,11,E
163785.714286,2.0,1.0,760.0,1.5,0.0,3.0,760.0,0.0,67,2,S
351250.0,4.0,1.75,1580.0,1.0,0.0,3.0,1130.0,450.0,67,2,S
331366.666667,3.0,2.5,1270.0,2.0,0.0,3.0,1270.0,0.0,10,11,SW
337945.75,2.0,1.0,940.0,1.0,0.0,3.0,940.0,0.0,104,8,SW
323833.333333,4.0,1.0,1940.0,1.5,0.0,3.0,1940.0,0.0,67,2,NW
309000.0,3.0,2.5,1800.0,2.0,0.0,3.0,1800.0,0.0,3,3,SW
994500.0,4.0,2.25,2870.0,1.5,0.0,4.0,1980.0,890.0,109,109,E
379509.166667,2.0,1.0,880.0,1.0,0.0,3.0,880.0,0.0,64,9,SW
362750.0,2.0,1.75,1240.0,1.5,0.0,3.0,1240.0,0.0,108,0,NE
198995.0,3.0,1.0,1410.0,1.0,0.0,4.0,1410.0,0.0,63,15,NW
190368.75,2.0,1.0,1120.0,1.0,0.0,3.0,1120.0,0.0,70,70,S
360500.0,3.0,2.5,1150.0,3.0,0.0,3.0,1150.0,0.0,7,7,N
258125.0,2.0,1.0,930.0,1.0,0.0,3.0,930.0,0.0,90,3,NE
167500.0,1.0,1.0,690.0,1.0,0.0,3.0,690.0,0.0,86,60,NW
471500.0,4.0,3.0,2370.0,1.5,0.0,5.0,1650.0,720.0,98,98,NE
464600.0,2.0,1.0,840.0,1.0,2.0,4.0,840.0,0.0,90,90,W
433111.111111,3.0,2.25,1370.0,3.0,0.0,3.0,1370.0,0.0,9,9,N
558653.846154,3.0,2.5,1530.0,1.5,0.0,5.0,1010.0,520.0,86,44,NW
318000.0,2.0,1.75,1530.0,1.0,1.0,4.0,830.0,700.0,98,98,W
550607.142857,4.0,2.0,1660.0,1.5,0.0,3.0,1660.0,0.0,92,6,N
584000.0,3.0,1.75,1490.0,2.0,0.0,3.0,1090.0,400.0,6,6,W
245000.0,3.0,3.0,2470.0,2.0,0.0,5.0,1860.0,610.0,37,37,NW
287919.782609,2.0,1.0,870.0,1.0,0.0,4.0,870.0,0.0,72,32,SW
454790.0,2.0,1.75,1990.0,1.0,0.0,5.0,1090.0,900.0,62,16,N
473200.0,3.0,1.5,1740.0,1.5,0.0,4.0,1640.0,100.0,94,94,NW
406062.5,2.0,1.0,1290.0,1.0,0.0,4.0,1290.0,0.0,108,24,NE
486895.0,3.0,1.0,1890.0,1.5,0.0,4.0,1390.0,500.0,113,113,N
396166.666667,3.0,1.75,1880.0,1.0,0.0,4.0,940.0,940.0,69,69,SW
308166.666667,3.0,1.75,1510.0,1.0,0.0,4.0,1510.0,0.0,60,35,N
203400.0,4.0,2.0,2090.0,1.0,0.0,3.0,1070.0,1020.0,40,40,S
